h,N_all1,N_T1,N_ctrl1,LP1,lb1,ub1,Dbar_raw1,Dbar_br1,N_all2,N_T2,N_ctrl2,LP2,lb2,ub2,Dbar_raw2,Dbar_br2
-500,34114,9,34105,.0007970500407607,-.10318076,.10477486,,,32815,8,32807,.0121846763563373,-.04897422,.073343575,,
-499,34150,9,34141,.0008377086588384,-.10288861,.10456403,,,32850,8,32842,.0101231961413975,-.049844742,.070091136,,
-498,34186,9,34177,-.0050985799133682,-.12314983,.11295268,,,32885,8,32877,.015172462848629,-.049670864,.080015786,,
-497,34222,9,34213,-.016157029019799,-.13510586,.1027918,,,32920,8,32912,.042000078667923,-.037243921,.12124408,,
-496,34258,9,34249,-.0222032622734358,-.13663989,.092233367,,,32955,8,32947,.0492475233633364,-.031348273,.12984332,,
-495,34294,9,34285,-.0186617443232705,-.12973307,.092409573,,,32990,8,32982,.0484049747436537,-.032582559,.1293925,,
-494,34330,9,34321,-.0281363084256514,-.13322988,.076957263,,,33025,8,33017,.0476120028526877,-.0339095,.12913351,,
-493,34366,9,34357,-.0319274165795815,-.13649702,.072642185,,,33060,8,33052,.0421529011182174,-.037885137,.12219094,,
-492,34402,9,34393,-.0322692026745196,-.13842613,.073887721,,,33095,8,33087,.0414264596760828,-.037071541,.11992446,,
-491,34438,9,34429,-.0450465194387987,-.1532481,.063155062,,,33130,8,33122,.0440999128725478,-.019201756,.10740158,,
-490,34474,9,34465,-.0531183726420204,-.16337235,.057135608,,,33165,8,33157,.0370689768140848,-.023879569,.098017521,,
-489,34510,9,34501,-.0698133205079822,-.17882122,.039194584,,,33200,8,33192,.0414677384659876,-.017450459,.10038593,,
-488,34546,9,34537,-.0694823792161925,-.1766433,.03767854,,,33235,8,33227,.042235912803143,-.016963108,.10143493,,
-487,34582,9,34573,-.077368937454653,-.18042313,.025685256,,,33270,8,33262,.0430842112495466,-.016511286,.10267971,,
-486,34618,9,34609,-.0842236528834448,-.19250175,.024054445,,,33305,8,33297,.0440502365839832,-.016357346,.10445782,,
-485,34654,9,34645,-.0812664972644175,-.18798372,.025450733,,,33340,8,33332,.0430962718543575,-.018318603,.10451115,,
-484,34690,9,34681,-.0898366481224885,-.19900401,.01933071,,,33375,8,33367,.0455695763427584,-.011603481,.10274263,,
-483,34726,9,34717,-.0941293606066051,-.20483434,.016575625,,,33410,8,33402,.0514756976143653,-.009911052,.11286245,,
-482,34762,9,34753,-.0893894999180242,-.19822118,.019442178,,,33445,8,33437,.0508461454596765,-.011366059,.11305835,,
-481,34798,9,34789,-.0832128846959354,-.19099818,.024572412,,,33480,8,33472,.0509991185220281,-.01278815,.11478639,,
-480,34834,9,34825,-.0821677688304878,-.18817446,.023838921,,,33515,8,33507,.0512709688805646,-.014126045,.11666799,,
-479,34870,9,34861,-.0820953923068756,-.19001688,.025826102,,,33550,8,33542,.0509478505589983,-.014626577,.11652228,,
-478,34906,9,34897,-.0747612054910229,-.18085086,.031328458,,,33585,8,33577,.0473352919127044,-.017280037,.11195062,,
-477,34942,9,34933,-.0840780060687326,-.19904481,.030888796,,,33620,8,33612,.0615142996905632,-.0013175188,.12434611,,
-476,34978,9,34969,-.0832681221563126,-.20144245,.034906201,,,33655,8,33647,.0551814358621766,-.0082946373,.11865751,,
-475,35014,9,35005,-.0805028971742871,-.19785778,.036851995,,,33690,8,33682,.0584974324104961,-.0042668781,.12126175,,
-474,35050,9,35041,-.0680131750663842,-.18571587,.049689516,,,33725,8,33717,.0599691640143514,-.0016628643,.12160119,,
-473,35086,9,35077,-.0586243133198368,-.17551938,.058270756,,,33760,8,33752,.0614680934899882,.00089813635,.12203805,,
-472,35122,9,35113,-.0477421368801414,-.16504827,.069563992,,,33795,8,33787,.0624962562603585,.0025853703,.12240715,,
-471,35158,9,35149,-.0362612769046771,-.15443543,.081912875,,,33830,8,33822,.0587256329369006,.00032588936,.11712538,,
-470,35194,9,35185,-.0254537270622896,-.14137658,.090469129,,,33865,8,33857,.0667450931584954,.0015532246,.13193697,,
-469,35230,9,35221,-.0215235216210174,-.13117756,.088130519,,,33900,8,33892,.0625928116754682,-.00273793,.12792355,,
-468,35266,9,35257,-.0185021091899619,-.12192968,.084925465,,,33935,8,33927,.0606308157439238,-.0036023878,.12486402,,
-467,35302,9,35293,-.0107015879076627,-.11107191,.089668743,,,33970,8,33962,.0576650336275546,-.0058932831,.12122335,,
-466,35338,9,35329,-.0055095934885379,-.10143529,.090416104,,,34005,8,33997,.0547263587093817,-.0082022306,.11765495,,
-465,35374,9,35365,.0041035190514386,-.085344106,.093551144,,,34040,8,34032,.0521414807106018,-.011069746,.11535271,,
-464,35410,9,35401,.0035810912040015,-.087870695,.095032878,,,34075,8,34067,.0448418979607347,-.017650388,.10733418,,
-463,35446,9,35437,.0037382021130639,-.090836018,.098312423,,,34110,8,34102,.0433623715509326,-.017761793,.10448653,,
-462,35482,9,35473,-.0000362032504961,-.10237467,.10230226,,,34145,8,34137,.0422947671289132,-.01365389,.098243423,,
-461,35518,9,35509,.0008174936231271,-.10960171,.11123669,,,34180,8,34172,.0414650453819104,-.013284735,.096214823,,
-460,35554,9,35545,.0007460440269048,-.11957689,.12106898,,,34215,8,34207,.0415441406011109,-.012577773,.095666058,,
-459,35590,9,35581,-.0030456969473769,-.13573253,.12964115,,,34250,8,34242,.0416592819291677,-.01205027,.095368832,,
-458,35626,9,35617,-.0028626355046724,-.14489408,.1391688,,,34285,8,34277,.0438447831375908,-.0094162161,.097105786,,
-457,35662,9,35653,.0011326947036099,-.14529178,.14755717,,,34320,8,34312,.0422074979051035,-.011756159,.096171156,,
-456,35698,9,35689,.0125999295187322,-.13160904,.1568089,,,34355,8,34347,.0500984968444824,-.016420865,.11661786,,
-455,35734,9,35725,.0058215096950435,-.14761585,.15925887,,,34390,8,34382,.0458727889341844,-.02068259,.11242817,,
-454,35770,9,35761,.0069210840178856,-.14701064,.1608528,,,34425,8,34417,.0438658586146145,-.022160338,.10989206,,
-453,35806,9,35797,.0068582068240532,-.15616585,.16988227,,,34460,8,34452,.042049779179892,-.023909209,.10800876,,
-452,35842,9,35833,.0052625682461472,-.16644357,.17696871,,,34495,8,34487,.0402784300308902,-.025697947,.10625481,,
-451,35878,9,35869,.0007979078946327,-.17383765,.17543347,,,34530,8,34522,.0382552838670209,-.027269114,.10377968,,
-450,35914,9,35905,-.0032471576001126,-.17905922,.17256491,,,34565,8,34557,.0346257445011309,-.032448221,.10169971,,
-449,35950,9,35941,-.0074915852985628,-.18715808,.17217492,,,34600,8,34592,.0474969294486648,-.014444688,.10943855,,
-448,35986,9,35977,-.0168793482474633,-.20225771,.16849901,,,34635,8,34627,.0408855762299446,-.019131472,.10090262,,
-447,36022,9,36013,-.0262759378151313,-.221137,.16858512,,,34670,8,34662,.0433522350237792,-.014609739,.10131421,,
-446,36058,9,36049,-.0237749314720155,-.22077456,.1732247,,,34705,8,34697,.0446946447634531,-.012101785,.10149107,,
-445,36094,9,36085,-.0143426227459799,-.21519619,.18651095,,,34740,8,34732,.0460619958631276,-.0098360181,.10196001,,
-444,36130,9,36121,-.0118824400151702,-.2107911,.18702622,,,34775,8,34767,.0461688010930183,-.0087948786,.10113248,,
-443,36166,9,36157,-.0096859917937339,-.21079214,.19142017,,,34810,8,34802,.0421859978634862,-.011960836,.096332833,,
-442,36202,9,36193,-.0197730328592722,-.2261647,.18661864,,,34845,8,34837,.0299412742259666,-.034431655,.094314203,,
-441,36238,9,36229,-.0198287663661147,-.22773364,.18807611,,,34880,8,34872,.0135532094014573,-.044885211,.07199163,,
-440,36274,9,36265,-.0199397834531961,-.22758274,.18770318,,,34915,8,34907,.0149507527449286,-.043372259,.073273763,,
-439,36310,9,36301,-.0143797838805717,-.222352,.19359243,,,34950,8,34942,.0153603740121428,-.043012422,.073733173,,
-438,36346,9,36337,-.018861263899203,-.21991861,.18219608,,,34985,8,34977,.01579190292068,-.04293697,.074520774,,
-437,36382,9,36373,-.0177046027719764,-.223221,.18781181,,,35020,8,35012,.0127382394866029,-.04618106,.071657538,,
-436,36418,9,36409,-.008575140271179,-.21851015,.20135987,,,35055,8,35047,.0080410110484281,-.050307676,.066389695,,
-435,36454,9,36445,-.0035490913174678,-.22159472,.21449654,,,35090,8,35082,.0182527090735781,-.037747346,.074252762,,
-434,36490,9,36481,-.0080426031588638,-.23368359,.21759838,,,35125,8,35117,.014033486492538,-.040217489,.068284459,,
-433,36526,9,36517,-.0059134522731228,-.23529595,.22346905,,,35160,8,35152,.0129000284071764,-.040491063,.066291124,,
-432,36562,9,36553,-.0008458386226569,-.23382701,.23213534,,,35195,8,35187,.0110942433913487,-.042289309,.064477794,,
-431,36598,9,36589,.0094332620207843,-.24621129,.2650778,,,35230,8,35222,.0093417634366537,-.044154786,.062838309,,
-430,36634,9,36625,.0050017762242063,-.23861444,.24861799,,,35265,8,35257,.0086281733998396,-.044293117,.061549462,,
-429,36670,9,36661,.0056066077181154,-.24259284,.25380605,,,35300,8,35292,.0051249956876651,-.048341922,.058591913,,
-428,36706,9,36697,.0027324881738523,-.25069919,.25616416,,,35335,8,35327,-.0022351129421253,-.06073964,.056269415,,
-427,36742,9,36733,-.0024430076952083,-.26346022,.25857422,,,35370,8,35362,-.0161144783637658,-.073015332,.040786374,,
-426,36778,9,36769,-.0010998780748203,-.2681652,.26596546,,,35405,8,35397,-.0125904545319777,-.068681665,.043500755,,
-425,36814,9,36805,.0111604508169239,-.25422275,.27654365,,,35440,8,35432,-.0123075476411179,-.067813456,.043198366,,
-424,36850,9,36841,.0106608135198799,-.24103235,.26235399,,,35475,8,35467,-.0119706987100551,-.066971406,.043030012,,
-423,36886,9,36877,.0145700384550182,-.23534669,.26448676,,,35510,8,35502,-.0090137734311239,-.060812131,.042784583,,
-422,36922,9,36913,.0204256587592544,-.22534806,.26619938,,,35545,8,35537,-.0174663689308554,-.068421215,.033488479,,
-421,36958,9,36949,.0315798700092857,-.20932937,.2724891,,,35580,8,35572,-.006863822909776,-.058574315,.044846669,,
-420,36994,9,36985,.0255957133609597,-.21701983,.26821125,,,35615,8,35607,-.0020744639616203,-.059055634,.054906704,,
-419,37030,9,37021,.0190413816355024,-.23481667,.27289942,,,35650,8,35642,-.0038552959299789,-.061018717,.053308126,,
-418,37066,9,37057,.0208590017832183,-.22529632,.26701432,,,35685,8,35677,-.0053441206124109,-.061991956,.051303715,,
-417,37102,9,37093,.0212859976185829,-.22170243,.26427442,,,35720,8,35712,-.0067920434695038,-.063092619,.049508534,,
-416,37138,9,37129,.0152778896178629,-.22568105,.25623682,,,35755,8,35747,-.0104772729921749,-.067517713,.046563163,,
-415,37174,9,37165,.0149739101161608,-.23007907,.26002687,,,35790,8,35782,-.0173688132879456,-.07665398,.041916355,,
-414,37210,9,37201,.0203404665829313,-.23150861,.27218953,,,35825,8,35817,-.0052312518051292,-.0650464,.054583896,,
-413,37246,9,37237,.0209473849836389,-.23338003,.27527481,,,35860,8,35852,-.0070734219180659,-.066763647,.052616801,,
-412,37282,9,37273,.0170232146151396,-.24776989,.28181633,,,35895,8,35887,-.005968271296724,-.064483233,.052546691,,
-411,37318,9,37309,.0210352658282164,-.2348382,.27690873,,,35930,8,35922,-.0047044233660626,-.061937228,.052528381,,
-410,37354,9,37345,.0301184659681469,-.22271028,.28294721,,,35965,8,35957,-.0033487835972012,-.059381209,.052683644,,
-409,37390,9,37381,.0329948074881334,-.21157916,.27756879,,,36000,8,35992,-.0054141228976743,-.062104538,.051276293,,
-408,37426,9,37417,.0369396848508224,-.2039509,.27783027,,,36035,8,36027,-.0055579331404762,-.061666325,.050550457,,
-407,37462,9,37453,.0438730179163583,-.19362766,.28137368,,,36070,8,36062,-.0196729298119942,-.077512898,.038167041,,
-406,37498,9,37489,.0395903402770656,-.19644958,.27563027,,,36105,8,36097,-.0002601893109754,-.056744102,.056223724,,
-405,37534,9,37525,.0309479208228991,-.21125212,.27314797,,,36140,8,36132,-.000428942271654,-.058041804,.057183921,,
-404,37570,9,37561,.0356570853116616,-.20284966,.27416384,,,36175,8,36167,-.0006322211368777,-.058967449,.057703007,,
-403,37606,9,37597,.0354657636330339,-.1989786,.26991013,,,36210,8,36202,-.0007704900055701,-.059868231,.05832725,,
-402,37642,9,37633,.0387042880586741,-.19306381,.27047238,,,36245,8,36237,.0008019834995969,-.05790348,.059507445,,
-401,37678,9,37669,.0400214238761693,-.18862849,.26867133,,,36280,8,36272,.0023069097685245,-.055661179,.060275,,
-400,37714,9,37705,.0488684672426174,-.17146783,.26920477,,,36315,8,36307,.00046203800332,-.057781737,.05870581,,
-399,37750,9,37741,.0475843504436499,-.17067303,.26584172,,,36350,8,36342,.0080589783017628,-.051030748,.0671487,,
-398,37786,9,37777,.0465175907614974,-.17588334,.26891851,,,36385,8,36377,.0114874641682387,-.046888079,.069863006,,
-397,37822,9,37813,.0454437645582207,-.18285455,.27374208,,,36420,8,36412,.0101831184478856,-.047476269,.067842506,,
-396,37858,9,37849,.03436822894109,-.17692521,.24566168,,,36455,8,36447,.0089379759664567,-.04807438,.065950334,,
-395,37894,9,37885,.0382653838004094,-.16576828,.24229905,,,36490,8,36482,.0071239133112573,-.048802875,.063050702,,
-394,37930,9,37921,.0418769566233841,-.15605508,.23980899,,,36525,8,36517,.006790113533771,-.048094075,.061674304,,
-393,37966,9,37957,.054238115855763,-.13744043,.24591665,,,36560,8,36552,.0126434050775351,-.034922514,.060209323,,
-392,38002,9,37993,.0527206817488634,-.13246638,.23790774,,,36595,8,36587,.0113447719824537,-.032508727,.055198271,,
-391,38038,9,38029,.0461725491527614,-.14541447,.23775958,,,36630,8,36622,.0117400210826078,-.032082867,.05556291,,
-390,38074,9,38065,.0466112390496592,-.1392386,.23246108,,,36665,8,36657,.0109631425787228,-.032389671,.054315954,,
-389,38110,9,38101,.0379040835866728,-.1507432,.22655137,,,36700,8,36692,.0102452230224846,-.032700364,.053190809,,
-388,38146,9,38137,.0226780915807682,-.16035058,.20570676,,,36735,8,36727,.0076514685666847,-.034282103,.049585041,,
-387,38182,9,38173,.0143659627550798,-.16952887,.1982608,,,36770,8,36762,-.000060769503855,-.042047255,.041925717,,
-386,38218,9,38209,.0172914729172072,-.16700643,.20158938,,,36805,8,36797,-.0100024751311699,-.059808891,.039803941,,
-385,38254,9,38245,.0096269618751152,-.17310768,.19236161,,,36840,8,36832,-.0146270240281141,-.065686613,.036432568,,
-384,38290,9,38281,-.0072311089791728,-.20241107,.18794885,,,36875,8,36867,-.0167583045676453,-.068871707,.035355102,,
-383,38326,9,38317,-.0106924217763861,-.20358638,.18220155,,,36910,8,36902,-.0173050812192616,-.069712378,.035102211,,
-382,38362,9,38353,-.0066387956807334,-.19852316,.18524557,,,36945,8,36937,-.0178042137397764,-.070634715,.03502629,,
-381,38398,9,38389,-.0051499307081104,-.19100392,.18070406,,,36980,8,36972,-.0185081693315113,-.072184607,.035168268,,
-380,38434,9,38425,-.0051765845901159,-.18691501,.17656185,,,37015,8,37007,-.0243624580933418,-.080641426,.03191651,,
-379,38470,9,38461,.0110723366527473,-.16601051,.18815517,,,37050,8,37042,-.0217219634592995,-.072593257,.029149333,,
-378,38506,9,38497,.0083117879068051,-.16471444,.18133801,,,37085,8,37077,-.0336527279533394,-.088007398,.020701943,,
-377,38542,9,38533,.0123649507995784,-.15544546,.18017536,,,37120,8,37112,-.0353093904460634,-.08970575,.019086972,,
-376,38578,9,38569,.014271756430845,-.14792031,.17646381,,,37155,8,37147,-.0376541639494918,-.091701478,.016393149,,
-375,38614,9,38605,.0127447385568728,-.16426267,.18975215,,,37190,8,37182,-.0400144699419567,-.093813807,.013784868,,
-374,38650,9,38641,.007839967123292,-.16232871,.17800863,,,37225,8,37217,-.0404671838745699,-.093592212,.012657843,,
-373,38686,9,38677,.006643980992103,-.16428965,.17757761,,,37260,8,37252,-.0493807788827533,-.10401104,.0052494858,,
-372,38722,9,38713,.0057372540840781,-.16408934,.17556384,,,37295,8,37287,-.0607804463881491,-.12088504,-.00067585212,,
-371,38758,9,38749,.0042661581950019,-.16870487,.17723718,,,37330,8,37322,-.068219562579467,-.12886171,-.0075774142,,
-370,38794,9,38785,-.001366966862545,-.18164937,.17891544,,,37365,8,37357,-.0651963176929983,-.12208737,-.0083052665,,
-369,38830,9,38821,.0011227728646941,-.17724894,.17949449,,,37400,8,37392,-.065143123666611,-.12012887,-.010157377,,
-368,38866,9,38857,.0050545968157166,-.17937665,.18948583,,,37435,8,37427,-.0650107004160239,-.11822259,-.011798812,,
-367,38902,9,38893,.0137911111574852,-.17624716,.20382938,,,37470,8,37462,-.0624741904837368,-.11715456,-.0077938233,,
-366,38938,9,38929,.0129936085058311,-.17897591,.20496313,,,37505,8,37497,-.0638643664876653,-.11572761,-.012001121,,
-365,38974,9,38965,.0142705890340541,-.17466442,.2032056,,,37540,8,37532,-.0559317833825986,-.11232406,.00046049288,,
-364,39010,9,39001,.0117245487548793,-.17199802,.19544712,,,37575,8,37567,-.0469662678222853,-.10369175,.0097592119,,
-363,39046,9,39037,.0177772015653924,-.17196296,.20751736,,,37610,8,37602,-.0374140181897637,-.092616022,.017787986,,
-362,39082,9,39073,.0189225642040976,-.16362125,.20146637,,,37645,8,37637,-.0376622749072334,-.092062004,.016737452,,
-361,39118,9,39109,.0212977970778325,-.17080477,.21340036,,,37680,8,37672,-.0378572705778558,-.09154091,.015826369,,
-360,39154,9,39145,.0227210270825164,-.17959012,.22503218,,,37715,8,37707,-.0400176075954856,-.091918044,.011882831,,
-359,39190,9,39181,.0222254416697518,-.18428504,.22873592,,,37750,8,37742,-.045015781696519,-.095405236,.005373674,,
-358,39226,9,39217,.0137446392739613,-.18909772,.21658699,,,37785,8,37777,-.0490056723074664,-.10294305,.0049317,,
-357,39262,9,39253,.005792438580259,-.19452178,.20610666,,,37820,8,37812,-.0444836620071744,-.098265551,.0092982296,,
-356,39298,9,39289,.0076698293577544,-.18554045,.20088011,,,37855,8,37847,-.0453663145950792,-.099008761,.008276131,,
-355,39334,9,39325,.0039165633746403,-.19447695,.20231009,,,37890,8,37882,-.0471912690311601,-.10063037,.0062478236,,
-354,39370,9,39361,-.0004915915559674,-.18223973,.18125655,,,37925,8,37917,-.0489364522174472,-.10227568,.0044027697,,
-353,39406,9,39397,-.0052943118413205,-.19133298,.18074435,,,37960,8,37952,-.056240069909507,-.11041952,-.0020606199,,
-352,39442,9,39433,-.0085004319329165,-.19780286,.18080199,,,37995,8,37987,-.0526117536482587,-.10891289,.0036893883,,
-351,39478,9,39469,-.0197664684340156,-.21005757,.17052463,,,38030,8,38022,-.0602429698307178,-.12414633,.0036603967,,
-350,39514,9,39505,-.0272407586030873,-.21693996,.16245843,,,38065,8,38057,-.0534323548499371,-.11495353,.0080888178,,
-349,39550,9,39541,-.0188928721285654,-.18947376,.15168802,,,38100,8,38092,-.0513850068289559,-.11371311,.010943092,,
-348,39586,9,39577,-.0179288277807136,-.1826309,.14677325,,,38135,8,38127,-.0507227954236747,-.11261694,.011171354,,
-347,39622,9,39613,-.0116192524339787,-.16714248,.14390397,,,38170,8,38162,-.0500279550666979,-.11164849,.011592574,,
-346,39658,9,39649,-.020882069177946,-.17670311,.13493899,,,38205,8,38197,-.0549644574602966,-.1188644,.0089354878,,
-345,39694,9,39685,-.0234092818255826,-.17796437,.13114581,,,38240,8,38232,-.0546229729079108,-.12150258,.01225663,,
-344,39730,9,39721,-.0278466183486633,-.1818863,.12619308,,,38275,8,38267,-.0356015652482031,-.09109544,.019892309,,
-343,39766,9,39757,-.0322663259565962,-.18133803,.11680538,,,38310,8,38302,-.0277746423663766,-.085103676,.029554391,,
-342,39802,9,39793,-.017705011561951,-.14537489,.10996487,,,38345,8,38337,-.02625253845908,-.083072305,.030567225,,
-341,39838,9,39829,-.0144000982649726,-.14152151,.11272132,,,38380,8,38372,-.0247501456063004,-.081457816,.031957526,,
-340,39874,9,39865,-.0066113799862103,-.1356246,.12240185,,,38415,8,38407,-.0232627879802579,-.080220573,.033695001,,
-339,39910,9,39901,-.0140361871293397,-.14574231,.11766993,,,38450,8,38442,-.0168794148278818,-.073611878,.039853048,,
-338,39946,9,39937,-.0173730541297983,-.15154894,.11680283,,,38485,8,38477,-.0179281646051189,-.0753574,.039501071,,
-337,39982,9,39973,-.0345160030628006,-.16830891,.099276915,,,38520,8,38512,-.0051797082610913,-.058507726,.048148308,,
-336,40018,9,40009,-.0406738075894973,-.17533483,.093987212,,,38555,8,38547,.0005673590296134,-.051284187,.052418906,,
-335,40054,9,40045,-.0368340752671484,-.17457452,.10090636,,,38590,8,38582,.0013251404862652,-.051304378,.053954657,,
-334,40090,9,40081,-.0292113442719021,-.16271946,.10429677,,,38625,8,38617,.0019408730468881,-.051469631,.055351377,,
-333,40126,9,40117,-.0212100146130251,-.1548088,.11238877,,,38660,8,38652,.0025723832487739,-.051933661,.057078429,,
-332,40162,9,40153,-.0104984960639427,-.15884815,.13785115,,,38695,8,38687,.0016961326472161,-.052238654,.055630919,,
-331,40198,9,40189,-.0135250311032717,-.16202638,.13497631,,,38730,8,38722,.0020681255753661,-.050250672,.054386921,,
-330,40234,9,40225,-.0066829443611484,-.16005111,.14668521,,,38765,8,38757,-.0008288689701254,-.042813998,.041156258,,
-329,40270,9,40261,-.0107187471738439,-.15974982,.13831232,,,38800,8,38792,.0004644928464823,-.041745041,.042674027,,
-328,40306,9,40297,-.0115911501061462,-.16419064,.14100833,,,38835,8,38827,-.0001534047101925,-.040938217,.040631406,,
-327,40342,9,40333,-.0050168079146008,-.15427989,.14424627,,,38870,8,38862,.0018200993511414,-.038875937,.042516138,,
-326,40378,9,40369,-.000120972252302,-.14180928,.14156735,,,38905,8,38897,.0038663511175453,-.037071392,.044804092,,
-325,40414,9,40405,.0058773692425378,-.13505258,.14680731,,,38940,8,38932,.0065917019373739,-.034479149,.047662552,,
-324,40450,9,40441,.0092133604983352,-.12919694,.14762366,,,38975,8,38967,.0038617504222034,-.039025236,.046748735,,
-323,40486,9,40477,.01255128625005,-.12945014,.15455271,,,39010,8,39002,.001632869725622,-.04280404,.046069779,,
-322,40522,9,40513,.0156299013788999,-.12101114,.15227094,,,39045,8,39037,-.0070044857455265,-.047092918,.033083949,,
-321,40558,9,40549,.0230883465412866,-.10621782,.15239452,,,39080,8,39072,-.0069067946606345,-.046267763,.03245417,,
-320,40594,9,40585,.0243432399956848,-.095544994,.14423147,,,39115,8,39107,-.0074183054796192,-.04707855,.03224194,,
-319,40630,9,40621,.008955122420304,-.092262685,.11017293,,,39150,8,39142,-.0078937851443815,-.047909301,.032121729,,
-318,40666,9,40657,.0074037586686405,-.09340632,.10821383,,,39185,8,39177,-.0086698982692533,-.049017508,.031677712,,
-317,40702,9,40693,.0080467777670474,-.093340769,.10943433,,,39220,8,39212,-.0073937222993977,-.049104244,.034316797,,
-316,40738,9,40729,.0084772010546264,-.092139713,.10909412,,,39255,8,39247,.0054233983578325,-.034563661,.045410458,,
-315,40774,9,40765,.0107497209245771,-.090322398,.11182185,,,39290,8,39282,.0103763731667558,-.032522433,.053275179,,
-314,40810,9,40801,.0119053319322943,-.085308313,.10911898,,,39325,8,39317,.0073288770215309,-.036020447,.050678201,,
-313,40846,9,40837,.0018542369340191,-.0887639,.092472374,,,39360,8,39352,.0047853371040831,-.039099842,.048670515,,
-312,40882,9,40873,-.0200332929785009,-.098775052,.058708467,,,39395,8,39387,.0022806809402327,-.04232863,.046889991,,
-311,40918,9,40909,-.0272551401410914,-.10997881,.055468533,,,39430,8,39422,.0039549587844461,-.040478475,.048388395,,
-310,40954,9,40945,-.0333960798828603,-.11991221,.053120054,,,39465,8,39457,-.0007101148582988,-.046024974,.044604745,,
-309,40990,9,40981,-.0427874999115426,-.14054927,.054974269,,,39500,8,39492,-.0031928173939489,-.053146277,.046760641,,
-308,41026,9,41017,-.0498157635897161,-.15040225,.050770722,,,39535,8,39527,-.0137435896027294,-.068206623,.040719442,,
-307,41062,9,41053,-.0432860092315127,-.13649158,.049919572,,,39570,8,39562,-.0130953806423967,-.067321926,.041131165,,
-306,41098,9,41089,-.0409726311244613,-.13392679,.051981535,,,39605,8,39597,-.0127418741808987,-.067029059,.041545309,,
-305,41134,9,41125,-.047387083640538,-.14164793,.046873763,,,39640,8,39632,-.012252604419333,-.066663168,.042157959,,
-304,41170,9,41161,-.0444946717830584,-.13942786,.05043852,,,39675,8,39667,-.0113790398584559,-.066933379,.044175297,,
-303,41206,9,41197,-.0412148124083191,-.13600929,.053579658,,,39710,8,39702,-.0109941731627992,-.066060983,.044072635,,
-302,41242,9,41233,-.0457214415185926,-.14177091,.050328035,,,39745,8,39737,-.0064800544040487,-.059473187,.046513077,,
-301,41278,9,41269,-.0440990679271734,-.13907357,.050875437,,,39780,8,39772,-.0009056577763979,-.053610716,.051799398,,
-300,41314,9,41305,-.0469129020218725,-.14781174,.053985931,,,39815,8,39807,-.000785891790362,-.052405488,.050833706,,
-299,41350,9,41341,-.0477236868437308,-.14750139,.052054022,,,39850,8,39842,-.0004031914928354,-.050779171,.049972787,,
-298,41386,9,41377,-.0583284395441875,-.14600223,.029345362,,,39885,8,39877,8.89459461791e-06,-.049248252,.04926604,,
-297,41422,9,41413,-.0574772826613224,-.14367864,.028724065,,,39920,8,39912,.0002929702210621,-.047545046,.048130985,,
-296,41458,9,41449,-.0591412461036304,-.14835769,.030075192,,,39955,8,39947,-.0053676900343879,-.052508488,.041773111,,
-295,41494,9,41485,-.0638100119418568,-.15573008,.028110061,,,39990,8,39982,-.0009509480603554,-.047998801,.046096906,,
-294,41530,9,41521,-.0682162645961358,-.16456293,.028130392,,,40025,8,40017,-.003133122753551,-.052137315,.045871072,,
-293,41566,9,41557,-.0626531862635912,-.16426647,.038960095,,,40060,8,40052,-.0031216456225224,-.05291602,.046672732,,
-292,41602,9,41593,-.058318213540739,-.16423449,.047598056,,,40095,8,40087,-.0040708506776203,-.05491722,.046775516,,
-291,41638,9,41629,-.0690161333595669,-.17839797,.0403657,,,40130,8,40122,-.0049638904688972,-.057246044,.047318261,,
-290,41674,9,41665,-.0726516431627159,-.18199506,.036691777,,,40165,8,40157,-.00434171185707,-.061662592,.052979168,,
-289,41710,9,41701,-.071524642164974,-.18090318,.037853893,,,40200,8,40192,-.0074406628973473,-.068359047,.053477719,,
-288,41746,9,41737,-.075846883912863,-.18514663,.033452865,,,40235,8,40227,-.0185571373802855,-.099007413,.061893135,,
-287,41782,9,41773,-.0752637474137318,-.18601479,.035487298,,,40270,8,40262,-.0299183470072563,-.10911565,.04927896,,
-286,41818,9,41809,-.0701084022932687,-.18336159,.043144789,,,40305,8,40297,-.0298634194567444,-.11057038,.050843544,,
-285,41854,9,41845,-.0621361787166687,-.17878616,.054513801,,,40340,8,40332,-.0285179276147566,-.11098393,.053948075,,
-284,41890,9,41881,-.0372511494767177,-.15827166,.083769351,,,40375,8,40367,-.0271457267600089,-.11138824,.057096783,,
-283,41926,9,41917,-.0336548494257409,-.14977451,.082464807,,,40410,8,40402,-.0239671208178118,-.10722996,.059295714,,
-282,41962,9,41953,-.0009077031237131,-.16002418,.15820877,,,40445,8,40437,-.0257897137693784,-.11081335,.059233923,,
-281,41998,9,41989,-.0000684905475438,-.1235851,.12344812,,,40480,8,40472,-.0154836012065995,-.061485473,.030518269,,
-280,42034,9,42025,-.0035308966341627,-.087510206,.080448411,,,40515,8,40507,-.0140901790217984,-.06061947,.032439113,,
-279,42070,9,42061,.0013172530726484,-.090132564,.092767067,,,40550,8,40542,-.0109741456606835,-.059168823,.03722053,,
-278,42106,9,42097,.0044286741183637,-.093566418,.10242376,,,40585,8,40577,-.0119836400468426,-.060503677,.036536396,,
-277,42142,9,42133,.0115882967125166,-.097846948,.12102354,,,40620,8,40612,-.0129865097906614,-.06208881,.036115788,,
-276,42178,9,42169,.0144270820098674,-.086157992,.11501215,,,40655,8,40647,-.0178114615180997,-.067368232,.031745311,,
-275,42214,9,42205,.0162349868956393,-.081693076,.11416305,,,40690,8,40682,-.0133811529779003,-.066695191,.039932888,,
-274,42250,9,42241,.0228280956711278,-.074384011,.12004021,,,40725,8,40717,-.0162355323914647,-.077167362,.044696301,,
-273,42286,9,42277,.0270505392976641,-.067450136,.12155121,,,40760,8,40752,-.0157730579117909,-.088231429,.056685314,,
-272,42322,9,42313,.0318731936376934,-.063843384,.12758976,,,40795,8,40787,-.0113306780429204,-.084382243,.061720889,,
-271,42358,9,42349,.0271264616998246,-.06020654,.11445946,,,40830,8,40822,-.008759860519889,-.082432665,.064912945,,
-270,42394,9,42385,.0262987181870473,-.059246439,.11184388,,,40865,8,40857,-.0061889244349411,-.080625862,.068248019,,
-269,42430,9,42421,.0223600373519538,-.059447501,.10416757,,,40900,8,40892,-.0049088031396307,-.081865475,.072047867,,
-268,42466,9,42457,.0195771072645746,-.061883669,.10103788,,,40935,8,40927,-.0116938458421327,-.081418417,.058030728,,
-267,42502,9,42493,.0142620857434132,-.062597387,.091121562,,,40970,8,40962,-.0204149365253535,-.085265078,.044435203,,
-266,42538,9,42529,.0129249746856381,-.06131484,.087164789,,,41005,8,40997,-.0194233278894025,-.088351615,.049504958,,
-265,42574,9,42565,.011432543687804,-.066256516,.089121602,,,41040,8,41032,-.0172089482630882,-.086890109,.052472211,,
-264,42610,9,42601,.016235681689858,-.057537522,.090008885,,,41075,8,41067,-.0163606292147223,-.086731017,.054009758,,
-263,42646,9,42637,.0159759089090584,-.054739632,.086691447,,,41110,8,41102,-.015472931153476,-.086613797,.055667933,,
-262,42682,9,42673,.0216241056942216,-.048571967,.09182018,,,41145,8,41137,-.0163919772578063,-.087931775,.055147823,,
-261,42718,9,42709,.0232394032054391,-.046513963,.092992768,,,41180,8,41172,-.0207367235289289,-.091762796,.050289344,,
-260,42754,9,42745,.0196048875819865,-.053214177,.092423953,,,41215,8,41207,-.0156706578492603,-.08495789,.053616572,,
-259,42790,9,42781,.0190559580263339,-.054268718,.092380635,,,41250,8,41242,-.0149879423086455,-.08524961,.055273723,,
-258,42826,9,42817,.0195429401264068,-.053369436,.09245532,,,41285,8,41277,-.0106406200568272,-.082803227,.061521985,,
-257,42862,9,42853,.0265010393781415,-.041352503,.094354577,,,41320,8,41312,-.0087817325864621,-.083022133,.06545867,,
-256,42898,9,42889,.0260617496967182,-.034600962,.08672446,,,41355,8,41347,-.0069337009786148,-.083255403,.069388002,,
-255,42934,9,42925,.025839665623783,-.029144365,.080823697,,,41390,8,41382,.0049378213055413,-.076550521,.086426161,,
-254,42970,9,42961,.0268177744150511,-.027708212,.081343763,,,41425,8,41417,.0008451808931168,-.076038301,.077728666,,
-253,43006,9,42997,.0475057597714156,-.024039282,.1190508,,,41460,8,41452,-.0073129682998299,-.061180197,.04655426,,
-252,43042,9,43033,.0476144953269585,-.02448949,.11971848,,,41495,8,41487,-.0082752866719188,-.056732569,.040181994,,
-251,43078,9,43069,.0520381983723794,-.017660916,.12173732,,,41530,8,41522,-.0050777248724647,-.05625106,.046095613,,
-250,43114,9,43105,.0535859950730694,-.015777349,.12294934,,,41565,8,41557,-.0020917700336992,-.055681881,.051498342,,
-249,43150,9,43141,.0488253423493222,-.017985638,.11563632,,,41600,8,41592,.0009028513925177,-.055227868,.057033569,,
-248,43186,9,43177,.0480029581424209,-.018905492,.11491141,,,41635,8,41627,-.0103277510593729,-.05504794,.034392435,,
-247,43222,9,43213,.0485164033676375,-.017405067,.11443787,,,41670,8,41662,-.0093564512683807,-.053794786,.035081882,,
-246,43258,9,43249,.0541522267508077,-.016902683,.12520714,,,41705,8,41697,.0198336072508489,-.040130198,.079797417,,
-245,43294,9,43285,.0505970699610964,-.02028829,.12148243,,,41740,8,41732,.0161904743403928,-.041671682,.074052632,,
-244,43330,9,43321,.0616862063954994,-.011741263,.13511367,,,41775,8,41767,.016907691887015,-.040381867,.074197255,,
-243,43366,9,43357,.0610351342363843,-.0124412,.13451147,,,41810,8,41802,.0166133140977474,-.039641391,.072868019,,
-242,43402,9,43393,.051163639817443,-.020602213,.12292949,,,41845,8,41837,.0163722007995929,-.038868252,.071612656,,
-241,43438,9,43429,.051420649818572,-.021538399,.1243797,,,41880,8,41872,.0154026925079821,-.039420385,.070225768,,
-240,43474,9,43465,.049624473080419,-.025453934,.12470288,,,41915,8,41907,.0146353696113603,-.039338823,.068609558,,
-239,43510,9,43501,.0361277934062536,-.036804572,.10906016,,,41950,8,41942,.0081053034243552,-.042008337,.058218945,,
-238,43546,9,43537,.0337736125278916,-.04387803,.11142526,,,41985,8,41977,-.0011975470196424,-.041594997,.039199904,,
-237,43582,9,43573,.0423564618840959,-.041867796,.12658072,,,42020,8,42012,.0010127606176973,-.037926044,.039951567,,
-236,43618,9,43609,.0453637404689229,-.041555136,.13228261,,,42055,8,42047,.0013632125412559,-.03627561,.039002035,,
-235,43654,9,43645,.0466524781186221,-.045497298,.13880226,,,42090,8,42082,.0017171000141289,-.034911405,.038345605,,
-234,43690,9,43681,.0409941341201599,-.052158769,.13414703,,,42125,8,42117,.0041048891199326,-.033102795,.041312572,,
-233,43726,9,43717,.0348718042253522,-.059263144,.12900676,,,42160,8,42152,.0004394950833806,-.034538038,.035417028,,
-232,43762,9,43753,.0470462797645547,-.031727515,.12582007,,,42195,8,42187,.0111550275575373,-.026463747,.048773803,,
-231,43798,9,43789,.0446617891512039,-.032068163,.12139174,,,42230,8,42222,.0207179139271905,-.018079352,.059515182,,
-230,43834,9,43825,.0344217682360057,-.035306294,.10414983,,,42265,8,42257,.0231226293253373,-.015312637,.061557896,,
-229,43870,9,43861,.027742512953386,-.027165458,.082650483,,,42300,8,42292,.021220510861104,-.015212098,.057653122,,
-228,43906,9,43897,.0281443292270123,-.046021309,.10230996,,,42335,8,42327,.0193625440962604,-.015245995,.053971082,,
-227,43942,9,43933,.023558034435003,-.048879456,.095995523,,,42370,8,42362,.0174960545623754,-.015313029,.050305139,,
-226,43978,9,43969,.0188299437023226,-.055194587,.092854477,,,42405,8,42397,.0107755745758127,-.018922374,.040473524,,
-225,44014,9,44005,.0086092109812764,-.065016307,.082234733,,,42440,8,42432,.0083053045427974,-.024242921,.04085353,,
-224,44050,9,44041,.0031921940575375,-.067615107,.073999494,,,42475,8,42467,.0121409547887481,-.025320509,.049602419,,
-223,44086,9,44077,-.0036864157015886,-.075965948,.068593122,,,42510,8,42502,.0099537158690627,-.028782766,.0486902,,
-222,44122,9,44113,-.0055788036148515,-.076680668,.065523058,,,42545,8,42537,.0084010151155569,-.029458947,.046260975,,
-221,44158,9,44149,-.002583373309344,-.066613704,.061446954,,,42580,8,42572,.0068640245870131,-.030200295,.043928344,,
-220,44194,9,44185,.0021574786231004,-.059982486,.064297445,,,42615,8,42607,.0019437664744439,-.034617376,.03850491,,
-219,44230,9,44221,-.001263529088505,-.065287538,.06276048,,,42650,8,42642,.0014396510591625,-.035451412,.038330711,,
-218,44266,9,44257,.001805785196117,-.067403778,.071015351,,,42685,8,42677,-.0038572141496199,-.049653012,.041938584,,
-217,44302,9,44293,-.0061163833024145,-.070208848,.057976082,,,42720,8,42712,-.0124841450757823,-.055211,.030242709,,
-216,44338,9,44329,-.014612555325659,-.082394429,.053169314,,,42755,8,42747,-.0106184441379838,-.052614558,.031377669,,
-215,44374,9,44365,-.0137572041776437,-.079863898,.052349493,,,42790,8,42782,-.0080689454193384,-.049934886,.033796996,,
-214,44410,9,44401,-.0237404978278811,-.098938979,.051457986,,,42825,8,42817,-.0054815440013138,-.047428638,.036465552,,
-213,44446,9,44437,-.0131830420967541,-.077493466,.051127382,,,42860,8,42852,-.002699108332081,-.043147087,.03774887,,
-212,44482,9,44473,-.0097974271632504,-.072444074,.052849222,,,42895,8,42887,-.0001802164737139,-.040218383,.03985795,,
-211,44518,9,44509,-.0131087811483459,-.079152964,.052935403,,,42930,8,42922,.0088705720809268,-.033466421,.051207565,,
-210,44554,9,44545,-.00967757240116,-.075256944,.055901799,,,42965,8,42957,.0226496137742582,-.030969054,.076268278,,
-209,44590,9,44581,-.0098592081070947,-.078744933,.059026517,,,43000,8,42992,.0246567458061293,-.030372093,.079685584,,
-208,44626,9,44617,-.0045415722000409,-.071895979,.062812835,,,43035,8,43027,.0246057361137038,-.031978507,.081189983,,
-207,44662,9,44653,.0047426066718261,-.060536303,.070021518,,,43070,8,43062,.0245855791693712,-.033706315,.082877472,,
-206,44698,9,44689,.0032036154843289,-.059660107,.066067338,,,43105,8,43097,.0236492659255104,-.036537886,.083836414,,
-205,44734,9,44725,-.0021145118743489,-.062849358,.058620337,,,43140,8,43132,.0171177112650562,-.039407525,.073642947,,
-204,44770,9,44761,-.0076067459734062,-.077428259,.062214766,,,43175,8,43167,.0288681166452509,-.036387388,.094123624,,
-203,44806,9,44797,-.0141599921507104,-.076261781,.047941796,,,43210,8,43202,.0306362133218209,-.021782512,.083054937,,
-202,44842,9,44833,-.0237599727079383,-.091952249,.044432305,,,43245,8,43237,.0329712896895141,-.017672308,.083614886,,
-201,44878,9,44869,-.0273425894806934,-.10015521,.045470033,,,43280,8,43272,.0318366731652043,-.017584253,.081257597,,
-200,44914,9,44905,-.0224009750566212,-.094010845,.049208894,,,43315,8,43307,.0307809282769951,-.017490812,.079052664,,
-199,44950,9,44941,-.0248250063523464,-.097702026,.048052009,,,43350,8,43342,.0296391828201938,-.017503493,.076781861,,
-198,44986,9,44977,-.0211610852887982,-.091097914,.048775747,,,43385,8,43377,.0279281374804059,-.01721371,.073069982,,
-197,45022,9,45013,-.016248972956663,-.081553027,.049055085,,,43420,8,43412,.0172977762585066,-.01747326,.052068811,,
-196,45058,9,45049,-.0188021189818547,-.077682123,.040077884,,,43455,8,43447,.0210160967975675,-.010116393,.052148584,,
-195,45094,9,45085,-.0205283793873851,-.082379535,.041322775,,,43490,8,43482,.0210916153573639,-.016016142,.058199372,,
-194,45130,9,45121,-.0123190053001113,-.075132594,.050494581,,,43525,8,43517,.0269009943114537,-.0056495923,.05945158,,
-193,45166,9,45157,-.0064825035684606,-.074213274,.061248265,,,43560,8,43552,.0331659174118796,.0032175225,.063114315,,
-192,45202,9,45193,-.0026810236720154,-.066975981,.061613936,,,43595,8,43587,.0339063908504634,.0033492893,.064463489,,
-191,45238,9,45229,.0027119425158894,-.064302027,.069725916,,,43630,8,43622,.0372021238456488,.0059341844,.068470061,,
-190,45274,9,45265,-.0051120188106931,-.075708643,.065484606,,,43665,8,43657,.0473362130237615,.0072160074,.08745642,,
-189,45310,9,45301,-.0039435277256668,-.072958365,.065071307,,,43700,8,43692,.0480147933348799,.0058664363,.090163149,,
-188,45346,9,45337,.0082353967490732,-.069760293,.08623109,,,43735,8,43727,.0506454691340971,.0054623289,.095828608,,
-187,45382,9,45373,.0055041828994381,-.067622945,.078631312,,,43770,8,43762,.0484821351848394,.0044070804,.092557192,,
-186,45418,9,45409,-.0034537883277845,-.092551179,.085643604,,,43805,8,43797,.0463732898991646,.0032188511,.089527726,,
-185,45454,9,45445,-.0035609589676976,-.095830366,.088708445,,,43840,8,43832,.0431758484151407,.0007030376,.085648656,,
-184,45490,9,45481,-.003387976720267,-.097316585,.090540633,,,43875,8,43867,.0398907488258384,-.0031006497,.082882151,,
-183,45526,9,45517,-.0112695002719615,-.11961449,.097075485,,,43910,8,43902,.0270292322502005,-.017087542,.071146004,,
-182,45562,9,45553,-.0212774392156116,-.12965199,.087097116,,,43945,8,43937,.0275733809539543,-.022151595,.077298358,,
-181,45598,9,45589,-.0215735356646635,-.12516955,.082022473,,,43980,8,43972,.0266675595688622,-.023960229,.077295348,,
-180,45634,9,45625,-.0216668885838724,-.1263046,.082970813,,,44015,8,44007,.0291121285847453,-.023259398,.081483655,,
-179,45670,9,45661,-.0156156270227089,-.11708291,.085851654,,,44050,8,44042,.0315759031800872,-.022623906,.085775711,,
-178,45706,9,45697,-.0169536938098633,-.1178053,.083897918,,,44085,8,44077,.0324859265536384,-.02243924,.087411091,,
-177,45742,9,45733,-.0145343141908515,-.1119324,.08286377,,,44120,8,44112,.0298198289190765,-.022667212,.082306869,,
-176,45778,9,45769,-.031463812498202,-.12444088,.061513253,,,44155,8,44147,.0173943651286066,-.028687971,.063476704,,
-175,45814,9,45805,-.0258041362597576,-.10849419,.056885917,,,44190,8,44182,.0220138545609564,-.023956602,.067984313,,
-174,45850,9,45841,-.0259576550460429,-.10831281,.056397498,,,44225,8,44217,.0269502460564643,-.017869426,.071769916,,
-173,45886,9,45877,-.0272329142770806,-.10986664,.055400815,,,44260,8,44252,.0296152758001517,-.015800446,.075030997,,
-172,45922,9,45913,-.0520074485968852,-.16962674,.065611847,,,44295,8,44287,.0323038804531385,-.013785661,.078393422,,
-171,45958,9,45949,-.0564012751917106,-.17711112,.064308569,,,44330,8,44322,.036641044601387,-.010040095,.083322182,,
-170,45994,9,45985,-.0603408465639926,-.18023005,.059548352,,,44365,8,44357,.0349173048282452,-.011390465,.081225075,,
-169,46030,9,46021,-.0749001293801289,-.19568701,.045886748,,,44400,8,44392,.0389574248382598,.0040970286,.073817819,,
-168,46066,9,46057,-.0820864883862304,-.20547977,.041306794,,,44435,8,44427,.0625300573233453,.013100554,.11195956,,
-167,46102,9,46093,-.0813721980734241,-.20537098,.042626586,,,44470,8,44462,.0661054869444353,.016533146,.11567783,,
-166,46138,9,46129,-.0808455105909487,-.20837601,.04668498,,,44505,8,44497,.0669579743125511,.017306063,.11660989,,
-165,46174,9,46165,-.0751824396974297,-.21128553,.060920652,,,44540,8,44532,.0678015061662923,.017829781,.11777323,,
-164,46210,9,46201,-.0738521689299306,-.2153447,.067640357,,,44575,8,44567,.0706715415964529,.016461316,.12488177,,
-163,46246,9,46237,-.0694438374082176,-.20863318,.069745503,,,44610,8,44602,.068782871469387,.012532611,.12503313,,
-162,46282,9,46273,-.0720557084335386,-.2089805,.064869091,,,44645,8,44637,.0724718093058083,.018285526,.1266581,,
-161,46318,9,46309,-.0724494329930567,-.20718254,.062283669,,,44680,8,44672,.0664441935417164,.0081814602,.12470692,,
-160,46354,9,46345,-.0664935179636829,-.21843944,.085452408,,,44715,8,44707,.0647747949658964,.0087707341,.12077886,,
-159,46390,9,46381,-.0630858301900757,-.21433084,.088159181,,,44750,8,44742,.0621775789743515,.0082850289,.11607013,,
-158,46426,9,46417,-.0670210425438967,-.22526294,.091220848,,,44785,8,44777,.0596237709152623,.0077870972,.11146045,,
-157,46462,9,46453,-.0657848612533846,-.21411029,.082540564,,,44820,8,44812,.054860574479556,.001833107,.10788804,,
-156,46498,9,46489,-.0693845594252238,-.20906879,.07029967,,,44855,8,44847,.0504514499641422,-.0018505796,.10275348,,
-155,46534,9,46525,-.0751860252282219,-.20734493,.056972884,,,44890,8,44882,.0733298794121264,.014653719,.13200603,,
-154,46570,9,46561,-.080133456574789,-.20858321,.0483163,,,44925,8,44917,.0533450783087334,-.018312449,.12500261,,
-153,46606,9,46597,-.0815345319986813,-.20993707,.046868,,,44960,8,44952,.0522858691929723,-.012752432,.11732417,,
-152,46642,9,46633,-.0826733367385491,-.21484618,.049499508,,,44995,8,44987,.0531826217618062,-.0086805932,.11504584,,
-151,46678,9,46669,-.0905897267933476,-.23274311,.051563654,,,45030,8,45022,.0541035349202995,-.0048038876,.11301096,,
-150,46714,9,46705,-.0981683245730963,-.24219204,.045855395,,,45065,8,45057,.0520201899136079,-.0066112536,.11065163,,
-149,46750,9,46741,-.1018866570355597,-.24658515,.04281183,,,45100,8,45092,.0426963524312035,-.015205971,.10059868,,
-148,46786,9,46777,-.1211065748901756,-.27100813,.028794978,,,45135,8,45127,.0516088983411647,-.016526785,.11974458,,
-147,46822,9,46813,-.133281024249654,-.28455475,.017992686,,,45170,8,45162,.052200148692755,-.0081495978,.11254989,,
-146,46858,9,46849,-.1315364110099529,-.28405565,.020982839,,,45205,8,45197,.0499822507556464,-.0071628522,.10712735,,
-145,46894,9,46885,-.1235966507028556,-.27673334,.029540047,,,45240,8,45232,.0478011333241224,-.0069921347,.1025944,,
-144,46930,9,46921,-.1228369392834404,-.26903158,.023357708,,,45275,8,45267,.0456945194374976,-.0069962302,.098385267,,
-143,46966,9,46957,-.1184998873737526,-.26408371,.027083924,,,45310,8,45302,.0442016881580222,-.0068068081,.095210187,,
-142,47002,9,46993,-.1138587133760143,-.25610116,.028383721,,,45345,8,45337,.0475321258375693,-.0084715001,.10353575,,
-141,47038,9,47029,-.1020377955101554,-.24858484,.044509251,,,45380,8,45372,.0424524160267771,-.0095690843,.094473913,,
-140,47074,9,47065,-.0965940057511388,-.24332678,.050138775,,,45415,8,45407,.0435437358898463,-.0028604786,.089947954,,
-139,47110,9,47101,-.0892590811196991,-.23687324,.058355071,,,45450,8,45442,.0412102259625233,-.0026966475,.085117102,,
-138,47146,9,47137,-.0881492289817759,-.22762807,.051329605,,,45485,8,45477,.0403253403218877,-.001347597,.081998281,,
-137,47182,9,47173,-.09256644638609,-.23384082,.048707932,,,45520,8,45512,.0394799182296289,-.000035938898,.078995772,,
-136,47218,9,47209,-.0961521380648903,-.24097778,.048673499,,,45555,8,45547,.0389336213299309,-.000038010727,.077905253,,
-135,47254,9,47245,-.097173801709017,-.23443843,.040090825,,,45590,8,45582,.034768049337451,-.0035655401,.07310164,,
-134,47290,9,47281,-.0881581634857258,-.22176345,.045447119,,,45625,8,45617,.0291412475061866,-.0017360692,.060018566,,
-133,47326,9,47317,-.0864263331631195,-.22248359,.049630921,,,45660,8,45652,.0218087888541959,-.0068027047,.050420281,,
-132,47362,9,47353,-.0850239911598127,-.22682141,.056773428,,,45695,8,45687,.0296376739966264,-.0045321868,.063807532,,
-131,47398,9,47389,-.0879086397453836,-.21958949,.043772202,,,45730,8,45722,.0288925634081907,-.0054705511,.063255675,,
-130,47434,9,47425,-.0872247867167547,-.21423107,.039781507,,,45765,8,45757,.0281697523731202,-.0066146781,.06295418,,
-129,47470,9,47461,-.0865106784620735,-.21014565,.037124295,,,45800,8,45792,.0262803022302751,-.0092681479,.061828751,,
-128,47506,9,47497,-.0808615098543507,-.19707812,.035355099,,,45835,8,45827,.0207719420601275,-.016115291,.057659175,,
-127,47542,9,47533,-.0816002753541064,-.19458553,.031384975,,,45870,8,45862,.013427827811994,-.020291431,.047147088,,
-126,47578,9,47569,-.0837776265898617,-.18836831,.02081305,,,45905,8,45897,.003562065362676,-.033499148,.040623277,,
-125,47614,9,47605,-.0761669098776498,-.17973812,.027404299,,,45940,8,45932,.0071204361293613,-.029010145,.043251019,,
-124,47650,9,47641,-.0673085392697735,-.17057243,.035955355,,,45975,8,45967,.0101175463133916,-.024179162,.044414256,,
-123,47686,9,47677,-.0667940584377904,-.17033751,.036749404,,,46010,8,46002,.0131403047211751,-.019491421,.045772031,,
-122,47722,9,47713,-.0603884315536713,-.17256948,.051792622,,,46045,8,46037,.0140308281884875,-.018535964,.046597622,,
-121,47758,9,47749,-.0580580156661653,-.17127363,.055157609,,,46080,8,46072,.0079331395592493,-.025221579,.041087858,,
-120,47794,9,47785,-.0554956091509249,-.1664279,.055436682,,,46115,8,46107,.0026527421335802,-.03206642,.037371904,,
-119,47830,9,47821,-.0619976228653926,-.16347164,.039476387,,,46150,8,46142,-.0100038980626748,-.042696822,.022689026,,
-118,47866,9,47857,-.0585523870704421,-.16134033,.044235554,,,46185,8,46177,.0071963042041522,-.027799815,.042192422,,
-117,47902,9,47893,-.056235048180279,-.15914728,.04667718,,,46220,8,46212,-.0031897556935766,-.034433149,.028053639,,
-116,47938,9,47929,-.0611382201905705,-.1686085,.046332058,,,46255,8,46247,-.0144553531858204,-.058679041,.029768335,,
-115,47974,9,47965,-.06202348597848,-.16869864,.044651669,,,46290,8,46282,-.0179094619743625,-.068625785,.032806858,,
-114,48010,9,48001,-.0622036081851251,-.16412254,.03971532,,,46325,8,46317,-.0205875773280445,-.07623782,.035062667,,
-113,48046,9,48037,-.0854969555754689,-.19410461,.023110701,,,46360,8,46352,-.0270289961511309,-.080933794,.026875801,,
-112,48082,9,48073,-.0869130883073196,-.19356287,.01973669,,,46395,8,46387,-.0227558767848093,-.077050768,.031539015,,
-111,48118,9,48109,-.0856292244996797,-.18136853,.010110077,,,46430,8,46422,-.0223748871231049,-.07772211,.032972332,,
-110,48154,9,48145,-.0738109429338972,-.16550973,.017887847,,,46465,8,46457,-.0216235393333673,-.078165032,.034917954,,
-109,48190,9,48181,-.07111112621841,-.15205583,.0098335827,,,46500,8,46492,-.0208039332973561,-.078613698,.037005834,,
-108,48226,9,48217,-.0743577011040289,-.14922056,.00050515187,,,46535,8,46527,-.0209985127962908,-.080429383,.038432352,,
-107,48262,9,48253,-.0663620780558434,-.13641307,.0036889059,,,46570,8,46562,-.0247184747717039,-.08419019,.034753241,,
-106,48298,9,48289,-.0438121804228147,-.12274181,.035117451,,,46605,8,46597,-.0051810316191431,-.060773864,.050411802,,
-105,48334,9,48325,-.0365079455503765,-.11721566,.044199765,,,46640,8,46632,.0050927529455855,-.052222989,.062408496,,
-104,48370,9,48361,-.039052664104669,-.1177557,.039650369,,,46675,8,46667,.0074629719925442,-.047259253,.062185198,,
-103,48406,9,48397,-.0381682256760553,-.1164662,.040129751,,,46710,8,46702,.0091343205357638,-.043505121,.061773762,,
-102,48442,9,48433,-.0435643602360342,-.11853471,.031405989,,,46745,8,46737,.0108446259785478,-.039891526,.061580777,,
-101,48478,9,48469,-.0521672235242176,-.12596422,.021629779,,,46780,8,46772,.0132821083780536,-.03629085,.062855065,,
-100,48514,9,48505,-.0568042351982106,-.12958463,.015976155,,,46815,8,46807,.0124282219110211,-.034371112,.059227556,,
-99,48550,9,48541,-.0701386949118861,-.14014462,-.00013277515,,,46850,8,46842,.0122271110495323,-.014476906,.038931128,,
-98,48586,9,48577,-.0802208573808459,-.1505328,-.0099089108,,,46885,8,46877,.0108475588738213,-.017303256,.038998373,,
-97,48622,9,48613,-.0833058268079161,-.15484644,-.011765206,,,46920,8,46912,.013396186936327,-.015250563,.042042937,,
-96,48658,9,48649,-.0828489098864957,-.15611301,-.0095848097,,,46955,8,46947,.0158498908631281,-.013491881,.045191661,,
-95,48694,9,48685,-.0807885568452117,-.15739231,-.0041848072,,,46990,8,46982,.0183074946868412,-.012362518,.048977509,,
-94,48730,9,48721,-.0853174626379514,-.15905869,-.011576228,,,47025,8,47017,.0180109103114671,-.012110605,.048132427,,
-93,48766,9,48757,-.0845476648054845,-.15556598,-.013529358,,,47060,8,47052,.0113515233677164,-.018672289,.041375335,,
-92,48802,9,48793,-.0703356805067719,-.13022649,-.010444871,,,47095,8,47087,.0196383422153058,-.0013085669,.04058525,,
-91,48838,9,48829,-.0624227243891101,-.12208771,-.0027577383,,,47130,8,47122,.0048757365867123,-.015999816,.025751291,,
-90,48874,9,48865,-.0575390523049229,-.11923834,.0041602375,,,47165,8,47157,.004453345147273,-.014955588,.023862278,,
-89,48910,9,48901,-.0468647787717646,-.10862833,.014898769,,,47200,8,47192,.0056041493588954,-.011916542,.023124842,,
-88,48946,9,48937,-.0353011583769174,-.10324682,.032644507,,,47235,8,47227,.0067949850482471,-.0097353039,.023325274,,
-87,48982,9,48973,-.0315414166930361,-.094523355,.031440523,,,47270,8,47262,.0072863469604924,-.0078367591,.022409454,,
-86,49018,9,49009,-.0210315052777609,-.080392681,.038329672,,,47305,8,47297,.0043689844205902,-.011670668,.020408636,,
-85,49054,9,49045,-.0105149684309034,-.060745683,.039715745,,,47340,8,47332,.0050994013536214,-.015220406,.025419209,,
-84,49090,9,49081,-.0009614002778788,-.054265082,.052342284,,,47375,8,47367,-.0095585162686466,-.034493029,.015375997,,
-83,49126,9,49117,.0058573423240398,-.049173359,.060888045,,,47410,8,47402,-.0147029943627644,-.042198814,.012792825,,
-82,49162,9,49153,.013410763098617,-.045104802,.071926326,,,47445,8,47437,-.0154688119983706,-.043807667,.012870044,,
-81,49198,9,49189,.0251524646681538,-.040598638,.090903565,,,47480,8,47472,-.0161782731540181,-.045533434,.013176887,,
-80,49234,9,49225,.0278867522893566,-.035570364,.091343872,,,47515,8,47507,-.0177698684028149,-.048423186,.01288345,,
-79,49270,9,49261,.028652075875552,-.035579424,.092883579,,,47550,8,47542,-.0205847597701382,-.053512573,.012343054,,
-78,49306,9,49297,.0281716219413271,-.034528568,.090871811,,,47585,8,47577,-.0151317113061005,-.041000225,.010736802,,
-77,49342,9,49333,.0271432188941969,-.030424729,.084711164,,,47620,8,47612,-.0128972066460384,-.039043296,.013248881,,
-76,49378,9,49369,.0267097855921183,-.026051659,.079471231,,,47655,8,47647,-.0078451427732175,-.033149317,.017459033,,
-75,49414,9,49405,.0253795795349527,-.025606416,.076365575,,,47690,8,47682,-.0050828435757854,-.030135894,.019970207,,
-74,49450,9,49441,.0070811078078646,-.028754363,.042916577,,,47725,8,47717,-.0023255057300007,-.02766786,.02301685,,
-73,49486,9,49477,.007512933372063,-.028420825,.04344669,,,47760,8,47752,-.0016734313249919,-.02348212,.020135257,,
-72,49522,9,49513,.006956584990795,-.028296104,.042209275,,,47795,8,47787,-.0029472954088536,-.025606096,.019711506,,
-71,49558,9,49549,.0192404920222007,-.0194316,.057912584,,,47830,8,47822,-.0010764030379502,-.034109391,.031956587,,
-70,49594,9,49585,.0183704286315071,-.016980527,.053721383,,,47865,8,47857,-.0160125277056738,-.052524935,.020499881,,
-69,49630,9,49621,.0355895953948369,.0034040846,.067775108,,,47900,8,47892,-.018000748375262,-.051654421,.015652923,,
-68,49666,9,49657,.0314594889029733,-.0023029095,.065221891,,,47935,8,47927,-.0182541093350326,-.049602907,.01309469,,
-67,49702,9,49693,.0373478069071672,.00089313503,.073802479,,,47970,8,47962,-.0184482720915846,-.047820587,.010924041,,
-66,49738,9,49729,.0337681555313813,-.0045079421,.072044253,,,48005,8,47997,-.0175724211686217,-.047375437,.012230596,,
-65,49774,9,49765,.0288853481685207,-.0091904309,.066961125,,,48040,8,48032,-.0243875417220164,-.05940723,.010632145,,
-64,49810,9,49801,.0345156113795829,-.0043075946,.073338814,,,48075,8,48067,-.0150703646787755,-.055800393,.025659664,,
-63,49846,9,49837,.0214137407520799,-.018208148,.061035629,,,48110,8,48102,-.0128150413847387,-.046814039,.021183958,,
-62,49882,9,49873,.0284153642578755,-.012794807,.069625534,,,48145,8,48137,-.0131937547430586,-.04656034,.020172833,,
-61,49918,9,49909,.0180680854530111,-.020459298,.056595471,,,48180,8,48172,-.0135273922461464,-.046388004,.019333219,,
-60,49954,9,49945,.0130307382543684,-.027111182,.053172659,,,48215,8,48207,-.013799281076337,-.0462781,.018679539,,
-59,49990,9,49981,.0082625609227825,-.033364478,.049889598,,,48250,8,48242,-.015522470171205,-.046614289,.015569348,,
-58,50026,9,50017,.0024943677655074,-.041895408,.046884142,,,48285,8,48277,-.0165240328623359,-.050778605,.017730538,,
-57,50062,9,50053,.0159234575118224,-.03394904,.065795951,,,48320,8,48312,-.0212705505782818,-.061788213,.019247109,,
-56,50098,9,50089,.0175449333930193,-.030067978,.065157846,,,48355,8,48347,-.0022826348207601,-.040539809,.03597454,,
-55,50134,9,50125,.0193047264417175,-.028498635,.067108087,,,48390,8,48382,-.0077483106860541,-.04358492,.0280883,,
-54,50170,9,50161,.0208228604455781,-.026965417,.068611138,,,48425,8,48417,-.0125589837556938,-.046296857,.02117889,,
-53,50206,9,50197,.0289311947158258,-.028205249,.086067639,,,48460,8,48452,-.0168126679048349,-.048621703,.014996368,,
-52,50242,9,50233,.0249644216441144,-.033000309,.082929149,,,48495,8,48487,-.02099204333943,-.052894425,.010910338,,
-51,50278,9,50269,.0218590068022783,-.0380513,.08176931,,,48530,8,48522,-.0269984016136341,-.058503039,.0045062364,,
-50,50314,9,50305,.014779039372422,-.034064561,.063622639,,,48565,8,48557,-.0255629996927028,-.055580985,.0044549853,,
-49,50350,9,50341,.0119085125960007,-.03710084,.060917865,,,48600,8,48592,-.0070533906201876,-.032108407,.018001627,,
-48,50386,9,50377,.0131939068911379,-.035229493,.061617307,,,48635,8,48627,-.0025014625949048,-.026091833,.021088907,,
-47,50422,9,50413,.011700440014138,-.039060608,.062461484,,,48670,8,48662,-.0041370997336913,-.027259873,.018985674,,
-46,50458,9,50449,.0087684160101857,-.045493335,.063030168,,,48705,8,48697,-.0057063859618098,-.02868651,.017273739,,
-45,50494,9,50485,.0081798314139383,-.046094999,.062454659,,,48740,8,48732,-.0058434384362951,-.028002076,.016315199,,
-44,50530,9,50521,.0131669569167149,-.034932572,.061266486,,,48775,8,48767,-.0064734174721188,-.029667372,.016720537,,
-43,50566,9,50557,.034709118279722,-.020246286,.089664526,,,48810,8,48802,-.0078329959730336,-.02999364,.014327648,,
-42,50602,9,50593,.0515748005783581,-.021216897,.1243665,,,48845,8,48837,-.0058029625434924,-.033808064,.022202138,,
-41,50638,9,50629,.0508451464441907,-.024996178,.12668647,,,48880,8,48872,-.0026891020684737,-.02694189,.021563686,,
-40,50674,9,50665,.0523640668036076,-.020326903,.12505503,,,48915,8,48907,-.0026691987689146,-.024650089,.019311693,,
-39,50710,9,50701,.0528870167170503,-.013531071,.1193051,,,48950,8,48942,-.0025315803229805,-.022486294,.017423134,,
-38,50746,9,50737,.0392802142280986,-.008206483,.086766914,,,48985,8,48977,-.0084062207352851,-.027787877,.010975435,,
-37,50782,9,50773,.0343364176708736,-.01440275,.083075583,,,49020,8,49012,-.0108306349815457,-.029920729,.0082594585,,
-36,50818,9,50809,.0448083463798809,-.020802755,.11041944,,,49055,8,49047,-.0075908151159755,-.027320929,.012139298,,
-35,50854,9,50845,.0377764979616947,-.027539501,.1030925,,,49090,8,49082,-.0015174986939581,-.02027438,.017239382,,
-34,50890,9,50881,.0342466479644411,-.029798035,.09829133,,,49125,8,49117,-.0000426804650099,-.019639527,.019554166,,
-33,50926,9,50917,.0334425976278741,-.029462481,.096347675,,,49160,8,49152,.0001848936466657,-.019024331,.019394118,,
-32,50962,9,50953,.0368633490643493,-.027972609,.10169931,,,49195,8,49187,.0004439570572063,-.018549886,.019437801,,
-31,50998,9,50989,.0411499649931927,-.027607396,.10990733,,,49230,8,49222,-.0018731084856338,-.018121421,.014375204,,
-30,51034,9,51025,.0469014029982395,-.028652715,.12245552,,,49265,8,49257,-.0020956201560358,-.020970812,.016779572,,
-29,51070,9,51061,.0536340447951721,-.027608456,.13487655,,,49300,8,49292,.0060622107660496,-.031031175,.043155596,,
-28,51106,9,51097,.0490302673988079,-.035689812,.13375035,,,49335,8,49327,.016625023185962,-.013094298,.046344344,,
-27,51142,9,51133,.039148959653787,-.048148595,.12644652,,,49370,8,49362,.0151230281825507,-.014114475,.044360533,,
-26,51178,9,51169,.0361570572691877,-.049147151,.12146126,,,49405,8,49397,.0133848176505268,-.01693045,.043700084,,
-25,51214,9,51205,.0222037645205205,-.066423774,.1108313,,,49440,8,49432,.0117141461119334,-.019809889,.043238182,,
-24,51250,9,51241,.0245065316359163,-.068604186,.11761725,,,49475,8,49467,.0116203172963051,-.019399177,.042639811,,
-23,51286,9,51277,.0222806516532569,-.076103337,.12066464,,,49510,8,49502,.0072263825407179,-.021969937,.0364227,,
-22,51322,9,51313,.0415384383257784,-.052185018,.13526189,,,49545,8,49537,.0081034624694832,-.017994395,.03420132,,
-21,51358,9,51349,.0412156101832258,-.050343461,.13277468,,,49580,8,49572,.0211939924443663,-.011598409,.053986393,,
-20,51394,9,51385,.0301425754885958,-.069858909,.13014406,,,49615,8,49607,.0191538453655122,-.011705955,.050013646,,
-19,51430,9,51421,.0268229355363035,-.076406382,.13005225,,,49650,8,49642,.0184490240523219,-.010882006,.047780056,,
-18,51466,9,51457,.0302589075032214,-.071954936,.13247275,,,49685,8,49677,.0177602933189346,-.010189385,.045709971,,
-17,51502,9,51493,.0271007456013076,-.070496619,.12469811,,,49720,8,49712,.0101608096564609,-.016442671,.03676429,,
-16,51538,9,51529,.0225109469349485,-.070909567,.11593147,,,49755,8,49747,.0111594895650162,-.016470825,.038789805,,
-15,51574,9,51565,.0213072061023198,-.090837449,.13345186,,,49790,8,49782,.0197100868369023,-.0066550854,.046075258,,
-14,51610,9,51601,.0266187640643685,-.087674618,.14091215,,,49825,8,49817,.022202984712104,-.0046883146,.049094286,,
-13,51646,9,51637,.020243112850806,-.087363787,.12785001,,,49860,8,49852,.0261090125426124,-.0024910795,.054709103,,
-12,51682,9,51673,.0262266890697683,-.074895047,.12734842,,,49895,8,49887,.0274257866128652,-.0021270956,.056978669,,
-11,51718,9,51709,.0270742091057532,-.073268212,.12741663,,,49930,8,49922,.028795374366528,-.0020485769,.059639327,,
-10,51754,9,51745,.0224576780878686,-.062644795,.10756015,,,49965,8,49957,.0214719030068751,-.011846201,.054790005,,
-9,51790,9,51781,.0233919434293294,-.060796298,.10758018,,,50000,8,49992,.0153887939615376,-.020032624,.05081021,,
-8,51826,9,51817,.0247738128752525,-.058825411,.10837304,,,50035,8,50027,.0083496459638756,-.024449373,.041148666,,
-7,51862,9,51853,.0286014739397597,-.051092137,.10829508,,,50070,8,50062,.0309467470197767,.00063587475,.061257619,,
-6,51898,9,51889,.0156271513943705,-.069691263,.10094556,,,50105,8,50097,.0326558697676687,.0026945379,.062617205,,
-5,51934,9,51925,.0179951396098717,-.063690275,.099680558,,,50140,8,50132,.0328828046924933,.0028659108,.062899701,,
-4,51970,9,51961,.0190260158833009,-.068944208,.10699624,,,50175,8,50167,.033226484033916,.0028922302,.063560739,,
-3,52006,9,51997,.0164560886833531,-.053338829,.086251006,,,50210,8,50202,.0362181643434088,.0065763467,.065859981,,
-2,52042,9,52033,.0181635659415078,-.045712911,.082040042,,,50245,8,50237,.0304683656896386,-.0048737759,.065810509,,
-1,52078,9,52069,.0175609971822439,-.044175025,.079297021,,,50280,8,50272,.0145497741550764,-.030246634,.059346184,,
0,52078,9,52069,.0136181564014317,-.043848716,.071085028,1,1,50280,8,50272,.0219269366017773,-.014524262,.058378134,1,1
1,52042,9,52033,.0302713129175268,-.021987341,.08252997,2,2,50245,8,50237,.018928620905781,-.01536795,.053225193,2,2
2,52006,9,51997,.0348711836658695,-.017287072,.087029442,3,3,50210,8,50202,.0183146570286113,-.015201808,.051831122,3,3
3,51970,9,51961,.0413939889599559,-.013229517,.096017495,4,4,50175,8,50167,.0177777809464331,-.015696673,.051252235,4,4
4,51934,9,51925,.0404662036556415,-.017411724,.098344132,5,5,50140,8,50132,.0168686235538001,-.025643162,.059380408,5,5
5,51898,9,51889,.0435127817113048,-.016043957,.10306952,6,6,50105,8,50097,.0105086812877403,-.035236318,.056253679,6,6
6,51862,9,51853,.0451713983504484,-.015477939,.10582074,7,7,50070,8,50062,.0026733616944103,-.048136186,.053482909,7,7
7,51826,9,51817,.056565793855765,-.0042377873,.11736938,8,8,50035,8,50027,-.0019748139950313,-.056259144,.052309517,8,8
8,51790,9,51781,.0619516674653991,.0017448819,.12215845,9,9,50000,8,49992,.0006492200778427,-.052916415,.054214854,9,9
9,51754,9,51745,.065611946195986,.0038721578,.12735173,10,10,49965,8,49957,.0006016050375025,-.051686663,.052889872,10,10
10,51718,9,51709,.0861220836070082,.0038898145,.16835435,11,11,49930,8,49922,.0005852190158881,-.050871201,.052041639,11,11
11,51682,9,51673,.0780528336891331,-.0061492142,.16225488,12,12,49895,8,49887,-.0003697614390091,-.049797669,.049058143,12,12
12,51646,9,51637,.0701799712807865,-.01677734,.15713729,13,13,49860,8,49852,-.004414449796135,-.053877678,.045048777,13,13
13,51610,9,51601,.0748380719109892,-.013962951,.1636391,14,14,49825,8,49817,-.0001883297094125,-.053640042,.053263381,14,14
14,51574,9,51565,.0906307693719157,.0067172814,.17454426,15,15,49790,8,49782,.003184939859792,-.042554844,.048924726,15,15
15,51538,9,51529,.0878309824652484,-.0015479514,.17720991,16,16,49755,8,49747,-.0005488753574018,-.045325179,.044227429,16,16
16,51502,9,51493,.0830494053639859,-.0087451721,.17484398,17,17,49720,8,49712,-.0012438956177755,-.044849288,.042361494,17,17
17,51466,9,51457,.0773269411055654,-.0068547786,.16150866,18,18,49685,8,49677,-.001964947825465,-.044515807,.040585913,18,18
18,51430,9,51421,.0791017925833099,-.0072024367,.16540602,19,19,49650,8,49642,-.00823895257444,-.048069213,.031591307,19,19
19,51394,9,51385,.0804228064402159,-.0033996173,.16424523,20,20,49615,8,49607,-.0130553179892859,-.051676586,.02556595,20,20
20,51358,9,51349,.0930433129390775,.0077512525,.17833537,21,21,49580,8,49572,-.004914382174732,-.051537659,.041708894,21,21
21,51322,9,51313,.0935485199097627,.010963676,.17613336,22,22,49545,8,49537,-.0082687090783042,-.05673461,.04019719,22,22
22,51286,9,51277,.0963057574172954,.017763292,.17484823,23,23,49510,8,49502,-.0079332824201021,-.055836216,.039969653,23,23
23,51250,9,51241,.1025237113568957,.02712868,.17791875,24,24,49475,8,49467,-.0075588456910413,-.055000965,.039883271,24,24
24,51214,9,51205,.096464201525399,.02373446,.16919394,25,25,49440,8,49432,-.0071339015943542,-.054239385,.039971583,25,25
25,51178,9,51169,.0860273186197547,.014832117,.15722252,26,26,49405,8,49397,-.0065647977069186,-.053676281,.040546685,26,26
26,51142,9,51133,.0801416015372725,.0094743483,.15080886,27,27,49370,8,49362,-.0095865393701501,-.058790177,.039617099,27,27
27,51106,9,51097,.0753070786533885,.000126653,.1504875,28,28,49335,8,49327,-.0051509077495977,-.055549309,.045247491,28,28
28,51070,9,51061,.0726929628161768,-.008294275,.15368021,29,29,49300,8,49292,.0005308072264193,-.044699728,.045761343,29,29
29,51034,9,51025,.0649963031669845,-.017518736,.14751135,30,30,49265,8,49257,-.0224496122470935,-.06189486,.016995637,30,30
30,50998,9,50989,.0563813264057092,-.032574028,.14533667,31,31,49230,8,49222,-.0163389932690198,-.056305606,.02362762,31,31
31,50962,9,50953,.0357760632604441,-.056322727,.12787485,32,32,49195,8,49187,-.0093567583735055,-.052537717,.033824202,32,32
32,50926,9,50917,.0257736479613348,-.068758942,.12030624,33,33,49160,8,49152,-.0153422068727119,-.054805752,.02412134,33,33
33,50890,9,50881,.017690192401531,-.083156019,.11853641,34,34,49125,8,49117,-.014896242471861,-.052806508,.023014022,34,34
34,50854,9,50845,-.0017650936676857,-.10801608,.10448589,35,35,49090,8,49082,-.0111242682581378,-.04721044,.024961906,35,35
35,50818,9,50809,-.0131704915312367,-.12533475,.098993778,36,36,49055,8,49047,-.0182193164223133,-.058991883,.02255325,36,36
36,50782,9,50773,-.0211267310531693,-.13707615,.09482269,37,37,49020,8,49012,-.0183961281082173,-.062480282,.025688026,37,37
37,50746,9,50737,-.0288976549820018,-.14828682,.090491511,38,38,48985,8,48977,-.0145680243095177,-.05728646,.028150411,38,38
38,50710,9,50701,-.0334185497624,-.15352008,.086682983,39,39,48950,8,48942,-.0107058720625214,-.05218868,.030776935,39,39
39,50674,9,50665,-.0404987109408362,-.16020668,.079209253,40,40,48915,8,48907,-.0067772218872602,-.047442228,.033887781,40,40
40,50638,9,50629,-.0474107367659873,-.17153701,.076715544,41,41,48880,8,48872,-.021332079748037,-.075492993,.032828838,41,41
41,50602,9,50593,-.0385921350579919,-.17658722,.099402957,42,42,48845,8,48837,-.0396409392612049,-.096755452,.017473571,42,42
42,50566,9,50557,-.0410544662979917,-.17902419,.09691526,43,43,48810,8,48802,-.0244153398845998,-.064340718,.015510035,43,43
43,50530,9,50521,-.0404662826187194,-.1785655,.097632937,44,44,48775,8,48767,-.0264613107224699,-.066218771,.013296153,44,44
44,50494,9,50485,-.0398600877471771,-.17938092,.099660754,45,45,48740,8,48732,-.0268589998335167,-.065943994,.012225995,45,45
45,50458,9,50449,-.0358152142816228,-.17855206,.10692163,45.888889,46,48705,8,48697,-.0271998655719308,-.065712012,.011312285,45.75,45.875
46,50422,9,50413,-.0303579800111053,-.16653205,.1058161,46.777779,47,48670,8,48662,-.0281193169855724,-.065808855,.0095702233,46.5,46.75
47,50386,9,50377,-.0202561141088483,-.15679295,.11628072,47.666668,48,48635,8,48627,-.0281289367893816,-.065152936,.0088950647,47.25,47.625
48,50350,9,50341,-.0049906306432128,-.13956435,.12958309,48.555557,49,48600,8,48592,-.0024607712110971,-.033096205,.028174663,48,48.5
49,50314,9,50305,-.0057273711734212,-.1384539,.12699915,49.444443,50,48565,8,48557,-.0017568315650091,-.031778559,.028264895,48.75,49.375
50,50278,9,50269,-.0010413218229778,-.12975624,.1276736,50.333332,51,48530,8,48522,-.0047218352575123,-.033380792,.023937121,49.5,50.25
51,50242,9,50233,.0094546412140494,-.11468434,.13359362,51.222221,52,48495,8,48487,-.0064292999016756,-.034708895,.021850295,50.25,51.125
52,50206,9,50197,.0127109150447099,-.1092392,.13466102,52.111111,53,48460,8,48452,-.0081138496845981,-.036151595,.019923896,50.625,51.625
53,50170,9,50161,.0179983192552776,-.10544569,.14144233,53,54,48425,8,48417,-.0108152987356514,-.038735207,.017104611,51,52.125
54,50134,9,50125,.0310199838532227,-.093147919,.15518789,53.888889,55,48390,8,48382,-.0097448967786041,-.035177384,.015687589,51.375,52.625
55,50098,9,50089,.0294011291228441,-.11100539,.16980764,54.777779,56,48355,8,48347,-.0031681539486313,-.03519262,.028856311,51.75,53.125
56,50062,9,50053,.0328215231370735,-.11031692,.17595996,55.666668,57,48320,8,48312,.0049037716866286,-.01968326,.029490804,52.125,53.625
57,50026,9,50017,.0443650987321025,-.098375514,.18710572,56.555557,58,48285,8,48277,.0006809148455066,-.026904721,.028266551,52.5,54.125
58,49990,9,49981,.0470351283536043,-.096483372,.19055364,57.444443,59,48250,8,48242,-.0037732037779824,-.035603877,.028057471,52.875,54.625
59,49954,9,49945,.0516237684958859,-.095380515,.19862805,58.333332,60,48215,8,48207,-.0081832056596239,-.044914018,.028547605,53.25,55.125
60,49918,9,49909,.0526783998675181,-.099069484,.20442629,59.222221,61,48180,8,48172,-.0036483322770077,-.042765051,.035468385,53.625,55.625
61,49882,9,49873,.0441318654089789,-.1135871,.20185083,59.888889,61.777779,48145,8,48137,-.0070262843976767,-.04781694,.03376437,54,56.125
62,49846,9,49837,.0378627546020039,-.12059777,.19632328,60.555557,62.555557,48110,8,48102,.0030522605791435,-.03576171,.041866232,54.375,56.625
63,49810,9,49801,.0121968539576514,-.15969561,.18408932,61.333332,63.333332,48075,8,48067,-.0037976650862195,-.043438353,.035843022,54.875,57.125
64,49774,9,49765,.0064379134581505,-.16626222,.17913805,62.111111,64.111115,48040,8,48032,-.0052148875984166,-.045371819,.034942042,55.375,57.625
65,49738,9,49729,.0033713761156101,-.16944118,.17618394,62.888889,64.888885,48005,8,47997,-.0037707216253101,-.043120179,.035578735,55.875,58.125
66,49702,9,49693,.0024687032372278,-.16903219,.1739696,63.666668,65.666664,47970,8,47962,-.0023068807230093,-.040975973,.036362212,56.375,58.625
67,49666,9,49657,-.0054651214306896,-.18278991,.17185967,64.444443,66.444443,47935,8,47927,-.0021925939306805,-.044826441,.040441256,56.875,59.125
68,49630,9,49621,-.0204009218116233,-.20837031,.16756848,65.222221,67.222221,47900,8,47892,-.0064998053539534,-.045881983,.032882374,57.375,59.625
69,49594,9,49585,-.0320567639488471,-.22687507,.16276154,66,68,47865,8,47857,-.0039789302862954,-.050678473,.042720612,57.875,60.125
70,49558,9,49549,-.0332961785074878,-.21865258,.15206023,66.777779,68.777779,47830,8,47822,-.0016714203160564,-.039121725,.035778884,58.375,60.625
71,49522,9,49513,-.0414753296357858,-.22747681,.14452614,67.555557,69.555557,47795,8,47787,-.0016500108712511,-.036901001,.033600979,58.875,61.125
72,49486,9,49477,-.03527256169062,-.22172932,.1511842,68.333336,70.333336,47760,8,47752,-.0000718902215685,-.036213253,.036069475,59.375,61.625
73,49450,9,49441,-.0332197106510272,-.22802085,.16158143,69.111115,71.111115,47725,8,47717,.0015713917469397,-.0357408,.038883582,59.875,62.125
74,49414,9,49405,-.0345238517939548,-.23265029,.16360259,69.888885,71.888885,47690,8,47682,-.0000389543873588,-.037905183,.037827272,60.375,62.625
75,49378,9,49369,-.0357993351208115,-.23840028,.1668016,70.666664,72.666664,47655,8,47647,-.0014181139402663,-.040441267,.03760504,60.875,63.125
76,49342,9,49333,-.009662975097414,-.21125783,.19193189,71.444443,73.444443,47620,8,47612,.0065224721204894,-.038109757,.051154699,61.375,63.625
77,49306,9,49297,-.0328706067399199,-.23546751,.1697263,72.222221,74.222221,47585,8,47577,.0092618857963674,-.039898574,.058422346,61.875,64.125
78,49270,9,49261,-.0429434851100965,-.25444818,.16856121,73,75,47550,8,47542,.0100213156291819,-.040819429,.060862061,62.375,64.625
79,49234,9,49225,-.0509948537036101,-.27060506,.16861536,73.777779,75.777779,47515,8,47507,.0094539133515001,-.043378659,.062286485,62.875,65.125
80,49198,9,49189,-.0499557229404002,-.27482244,.17491101,74.555557,76.555557,47480,8,47472,.0088764906726768,-.046628043,.064381026,63.375,65.625
81,49162,9,49153,-.0581389104411207,-.2902776,.17399977,75.333336,77.333336,47445,8,47437,.0100454435671151,-.047906578,.067997463,63.875,66.125
82,49126,9,49117,-.0613485041552038,-.29509234,.17239535,76.111115,78.111115,47410,8,47402,.0106258540095477,-.045375101,.06662681,64.375,66.625
83,49090,9,49081,-.0811537724410234,-.3161183,.15381074,76.888885,78.888885,47375,8,47367,.0117900851343363,-.045653813,.069233984,64.875,67.125
84,49054,9,49045,-.0700663118458496,-.30411845,.16398583,77.666664,79.666664,47340,8,47332,.0150059589629433,-.041847169,.071859092,65.375,67.625
85,49018,9,49009,-.0648328276583945,-.29508749,.16542184,78.444443,80.444443,47305,8,47297,.0142352134056696,-.042795587,.071266018,65.875,68.125
86,48982,9,48973,-.0620747035198642,-.28842056,.16427115,79.222221,81.222221,47270,8,47262,.0141098937546523,-.043583892,.071803682,66.375,68.625
87,48946,9,48937,-.0649335443101059,-.28739524,.15752816,80,82,47235,8,47227,.0140312366691626,-.044421956,.072484426,66.875,69.125
88,48910,9,48901,-.0639157733912004,-.2947143,.16688275,80.777779,82.777779,47200,8,47192,.019118330063635,-.040336799,.078573458,67.375,69.625
89,48874,9,48865,-.0583396090352456,-.28995663,.17327742,81.555557,83.555557,47165,8,47157,.0135898415785642,-.048806239,.075985923,67.875,70.125
90,48838,9,48829,-.0663261789716983,-.29744166,.1647893,82.333336,84.333336,47130,8,47122,.0081747345161432,-.048036911,.064386375,68.375,70.625
91,48802,9,48793,-.0560581384655779,-.28231761,.17020135,83.111115,85.111115,47095,8,47087,.0016283460194862,-.054768518,.058025211,68.875,71.125
92,48766,9,48757,-.0441661224890443,-.26397246,.17564021,83.888885,85.888885,47060,8,47052,.0025014856377207,-.054113697,.059116669,69.375,71.625
93,48730,9,48721,-.0333718269628453,-.24771397,.18097031,84.666664,86.666664,47025,8,47017,.0052340706331616,-.051572189,.062040329,69.875,72.125
94,48694,9,48685,-.0129310554641261,-.22920127,.20333916,85.444443,87.444443,46990,8,46982,.0079610349751655,-.049339764,.065261833,70.375,72.625
95,48658,9,48649,-.0053224577380057,-.22575606,.21511114,86.222221,88.222221,46955,8,46947,.0124088027181745,-.04361847,.068436079,70.875,73.125
96,48622,9,48613,-.002249580804952,-.22893782,.22443867,87,89,46920,8,46912,.0094928967216462,-.04826133,.067247123,71.375,73.625
97,48586,9,48577,.011635829483757,-.2063629,.22963457,87.777779,89.777779,46885,8,46877,-.0058424331360946,-.065444745,.05375988,71.875,74.125
98,48550,9,48541,.0248733680596944,-.18557779,.23532453,88.555557,90.555557,46850,8,46842,-.0065407646247714,-.064202063,.051120535,72.375,74.625
99,48514,9,48505,.0302077997901935,-.17976893,.24018453,89.333336,91.333336,46815,8,46807,-.0092187430280735,-.066276677,.047839187,72.875,75.125
100,48478,9,48469,.0304062804271903,-.18222523,.24303779,90.111115,92.111115,46780,8,46772,-.0109629056503695,-.06744232,.04551651,73.375,75.625
101,48442,9,48433,.0270766327038848,-.18997625,.24412951,90.888885,92.888885,46745,8,46737,-.012635308104214,-.068633869,.043363255,73.875,76.125
102,48406,9,48397,.0346108619509846,-.18177976,.25100148,91.666664,93.666664,46710,8,46702,-.0167471293131506,-.071776897,.03828264,74.375,76.625
103,48370,9,48361,.0297410673633822,-.18832386,.24780598,92.444443,94.444443,46675,8,46667,-.0219982617110773,-.075186968,.031190448,74.875,77.125
104,48334,9,48325,.031673803976114,-.19224724,.25559485,93.111115,95.111115,46640,8,46632,-.024485942868805,-.076873168,.027901283,75.375,77.625
105,48298,9,48289,.0140424960151793,-.20316914,.23125413,93.777779,95.777779,46605,8,46597,-.032540938300285,-.082486726,.017404851,75.875,78.125
106,48262,9,48253,.0125258179635154,-.20548847,.23054011,94.444443,96.444443,46570,8,46562,-.0307826923592781,-.080577306,.019011924,76.375,78.625
107,48226,9,48217,.0128923228473758,-.20445743,.23024207,95.111115,97.111115,46535,8,46527,-.0295355740699209,-.078792609,.01972146,76.875,79.125
108,48190,9,48181,.003145356403533,-.22112098,.22741169,95.777779,97.777779,46500,8,46492,-.0282090708148602,-.077079497,.02066136,77.375,79.625
109,48154,9,48145,.0004308316361442,-.22957955,.23044123,96.444443,98.444443,46465,8,46457,-.0261875852378848,-.075130299,.022755126,77.875,80.125
110,48118,9,48109,-.0040030624700023,-.23860596,.23059984,97.111115,99.111115,46430,8,46422,-.0235468313896169,-.07045573,.023362065,78.375,80.625
111,48082,9,48073,-.0243927192761875,-.26051709,.21173164,97.777779,99.777779,46395,8,46387,-.0319307265173115,-.081559658,.017698208,78.875,81.125
112,48046,9,48037,-.0328370052365975,-.2604458,.1947718,98.444443,100.44444,46360,8,46352,-.0415230208926506,-.087180264,.0041342191,79.375,81.625
113,48010,9,48001,-.0332611002372198,-.25427535,.18775317,99.111115,101.11111,46325,8,46317,-.0437489684703754,-.09209884,.0046009007,79.875,82.125
114,47974,9,47965,-.0330585704338417,-.24725907,.18114193,99.777779,101.77778,46290,8,46282,-.0417870405825014,-.09166614,.0080920579,80.375,82.625
115,47938,9,47929,-.0432407386930327,-.2558856,.16940412,100.44444,102.44444,46255,8,46247,-.0398008132795567,-.091265194,.011663564,80.875,83.125
116,47902,9,47893,-.0498043851453242,-.26719415,.1675854,101.11111,103.11111,46220,8,46212,-.0313044804121961,-.086065412,.023456449,81.375,83.625
117,47866,9,47857,-.0487544495966096,-.27098724,.17347835,101.77778,103.77778,46185,8,46177,-.0302447256124531,-.087758444,.027268995,81.875,84.125
118,47830,9,47821,-.0406828063733882,-.25822127,.17685565,102.44444,104.44444,46150,8,46142,-.0431297110849655,-.083911687,-.0023477334,82.375,84.625
119,47794,9,47785,-.0309720333513643,-.25494152,.19299746,103.11111,105.11111,46115,8,46107,-.0512777954373067,-.091581248,-.010974342,82.875,85.125
120,47758,9,47749,-.0308890836184855,-.25817707,.19639891,103.66666,105.66666,46080,8,46072,-.0458722676329528,-.084968001,-.0067765359,83.375,85.625
121,47722,9,47713,-.0298575973580865,-.26086959,.2011544,104.22222,106.22222,46045,8,46037,-.044506028557439,-.082878463,-.0061335955,83.875,86.125
122,47686,9,47677,-.0368988972419819,-.27811652,.20431873,104.77778,106.77778,46010,8,46002,-.0430503179666181,-.080835104,-.0052655302,84.375,86.625
123,47650,9,47641,-.0441356805451566,-.29696831,.20869695,105.33334,107.33334,45975,8,45967,-.041913994688649,-.078360617,-.0054673692,84.875,87.125
124,47614,9,47605,-.0343955847192615,-.29197553,.22318435,105.88889,107.88889,45940,8,45932,-.0447620613142481,-.083828263,-.0056958618,85.375,87.625
125,47578,9,47569,-.0325817637432241,-.28878599,.22362247,106.44444,108.44444,45905,8,45897,-.0354257712484789,-.087503545,.016652001,85.875,88.125
126,47542,9,47533,-.0268367397200256,-.2859571,.23228362,107,109,45870,8,45862,-.0235196815119456,-.075682484,.028643124,86.375,88.625
127,47506,9,47497,-.0300778443728787,-.28881896,.22866327,107.55556,109.55556,45835,8,45827,-.0253401874927718,-.079979725,.029299354,86.875,89.125
128,47470,9,47461,-.0309192479908588,-.28785071,.22601222,108.11111,110.11111,45800,8,45792,-.0282076611054961,-.084784448,.028369127,87.375,89.625
129,47434,9,47425,-.0475416251553779,-.31938827,.22430502,108.66666,110.66666,45765,8,45757,-.031011943655737,-.089770898,.027747015,87.75,90.125
130,47398,9,47389,-.060275653938305,-.34163713,.22108582,109.22222,111.22222,45730,8,45722,-.0311042258426771,-.088746682,.02653823,88.125,90.625
131,47362,9,47353,-.0604797941955711,-.33764341,.21668382,109.77778,111.77778,45695,8,45687,-.0330891258809089,-.089169465,.022991212,88.5,91.125
132,47326,9,47317,-.0585812229164645,-.33201021,.21484774,110.33334,112.33334,45660,8,45652,-.0241411119459662,-.086798318,.038516093,88.875,91.625
133,47290,9,47281,-.0831939052070817,-.34361514,.17722733,110.88889,112.88889,45625,8,45617,-.008585743875321,-.086900182,.069728687,89.25,92.125
134,47254,9,47245,-.0764298521331655,-.34044302,.18758331,111.44444,113.44444,45590,8,45582,-.0092174991419689,-.086843602,.068408608,89.625,92.625
135,47218,9,47209,-.0730804656091289,-.34529987,.19913894,112,114,45555,8,45547,-.0117938918659008,-.089085281,.065497495,90,93.125
136,47182,9,47173,-.0698529662019638,-.35047472,.21076877,112.55556,114.55556,45520,8,45512,-.0143127601442928,-.091343924,.062718399,90.375,93.625
137,47146,9,47137,-.0513307342129574,-.33820939,.23554793,113.11111,115.11111,45485,8,45477,-.0143991626612185,-.091977939,.063179612,90.75,94.125
138,47110,9,47101,-.0461975474224566,-.33634314,.24394803,113.66666,115.66666,45450,8,45442,-.0168235636692996,-.09445294,.060805816,91.125,94.625
139,47074,9,47065,-.0353609744170125,-.32821476,.25749281,114.22222,116.22222,45415,8,45407,-.0221469828927279,-.10743055,.063136585,91.5,95.125
140,47038,9,47029,-.0303505449194414,-.3232744,.26257333,114.77778,116.77778,45380,8,45372,-.0090753773298285,-.093713857,.075563103,91.875,95.625
141,47002,9,46993,-.0305748246698793,-.32618394,.26503429,115.33334,117.33334,45345,8,45337,-.0087413409911707,-.090326712,.072844028,92.25,96.125
142,46966,9,46957,-.026623003529442,-.316796,.26355001,115.88889,117.88889,45310,8,45302,-.008723905269504,-.084592603,.067144789,92.625,96.625
143,46930,9,46921,-.017770224552377,-.29513952,.25959906,116.44444,118.44444,45275,8,45267,-.0086664441580214,-.079100177,.061767288,93,97.125
144,46894,9,46885,-.0213515458863054,-.30008581,.25738272,117,119,45240,8,45232,-.0127220194673465,-.080634564,.05519053,93.375,97.625
145,46858,9,46849,.0244531550555061,-.20188278,.25078908,117.55556,119.55556,45205,8,45197,-.0216232206032269,-.0981263,.054879855,93.75,98.125
146,46822,9,46813,-.0046434454501541,-.24876465,.23947775,118.11111,120.11111,45170,8,45162,-.0338666605990238,-.11845289,.050719574,94.125,98.625
147,46786,9,46777,-.0377763934012207,-.30425116,.22869837,118.66666,120.66666,45135,8,45127,-.03667743616002,-.12386236,.05050749,94.75,99.25
148,46750,9,46741,-.0391988906050275,-.30334321,.22494543,119.22222,121.22222,45100,8,45092,-.0314838457759176,-.11885184,.055884145,95.375,99.875
149,46714,9,46705,-.0421977545476525,-.30727449,.22287896,119.77778,121.77778,45065,8,45057,-.027421419065099,-.1141159,.05927306,96,100.5
150,46678,9,46669,-.0436044702153509,-.30861557,.22140662,120.33334,122.33334,45030,8,45022,-.0233788801611382,-.10962343,.062865667,96.625,101.125
151,46642,9,46633,-.0301628409601874,-.28931242,.22898674,120.88889,122.88889,44995,8,44987,-.0259880892817406,-.11068646,.058710285,97.25,101.75
152,46606,9,46597,-.0237564758249397,-.28646699,.23895402,121.44444,123.44444,44960,8,44952,-.02714266313718,-.11205166,.057766333,97.875,102.375
153,46570,9,46561,-.018559390646017,-.28414589,.2470271,122,124,44925,8,44917,-.0597852797253861,-.14916849,.029597931,98.5,103
154,46534,9,46525,-.0308098624551287,-.28512409,.22350438,122.55556,124.55556,44890,8,44882,-.0720910335746748,-.15945484,.015272766,99.125,103.625
155,46498,9,46489,-.0238799056969563,-.28089616,.23313636,123.11111,125.11111,44855,8,44847,-.0715417178056048,-.16236116,.019277729,99.75,104.25
156,46462,9,46453,-.0158144741956046,-.27367255,.2420436,123.55556,125.55556,44820,8,44812,-.0721968321949809,-.16317938,.018785721,100.375,104.875
157,46426,9,46417,.0138267236226106,-.22603187,.25368533,124,126,44785,8,44777,-.0728191597550237,-.16407844,.018440131,101,105.5
158,46390,9,46381,.0244680271185792,-.21836159,.26729763,124.44444,126.44444,44750,8,44742,-.0767935807231803,-.16390489,.010317733,101.625,106.125
159,46354,9,46345,.0361140750931762,-.20750193,.27973008,124.88889,126.88889,44715,8,44707,-.0789629908050034,-.1648922,.0069662179,102.25,106.75
160,46318,9,46309,.0710830393446772,-.19193721,.33410329,125.33334,127.33334,44680,8,44672,-.0936087808220062,-.17746492,-.0097526433,102.875,107.375
161,46282,9,46273,.0894356528900221,-.16238281,.34125412,125.77778,127.77778,44645,8,44637,-.0861826339743528,-.18012723,.0077619585,103.5,108
162,46246,9,46237,.0951013480754655,-.16421396,.35441664,126.22222,128.22223,44610,8,44602,-.0868070635889412,-.18368563,.010071505,104.125,108.625
163,46210,9,46201,.1008382737849786,-.16451219,.36618873,126.66666,128.66667,44575,8,44567,-.0856931169657087,-.18447481,.013088579,104.75,109.25
164,46174,9,46165,.1092513435708081,-.1613635,.37986618,127.11111,129.11111,44540,8,44532,-.0844657848482053,-.18519646,.016264895,105.375,109.875
165,46138,9,46129,.1133323687707602,-.15593861,.38260335,127.55556,129.55556,44505,8,44497,-.0851644105610406,-.18569854,.015369724,106,110.5
166,46102,9,46093,.1182428623136666,-.15719515,.39368087,127.88889,129.88889,44470,8,44462,-.0920610372379785,-.19797187,.013849797,106.625,111.125
167,46066,9,46057,.1203872387027965,-.13038103,.3711555,128.22223,130.22223,44435,8,44427,-.1019132561554951,-.21378772,.0099612065,107.25,111.75
168,46030,9,46021,.1115071668351149,-.12294807,.34596241,128.55556,130.55556,44400,8,44392,-.0787353965902844,-.18162382,.024153022,107.875,112.375
169,45994,9,45985,.1260238593270315,-.10744259,.35949031,128.88889,130.88889,44365,8,44357,-.0827777594311501,-.19362012,.028064597,108.5,113
170,45958,9,45949,.1351688552375844,-.10197592,.37231362,129.22223,131.22223,44330,8,44322,-.0794043468823433,-.1920245,.033215806,109.125,113.625
171,45922,9,45913,.1550185582041253,-.076379932,.38641706,129.55556,131.55556,44295,8,44287,-.0760293014619063,-.19061853,.038559925,109.75,114.25
172,45886,9,45877,.165582244587785,-.062278386,.39344287,130,132,44260,8,44252,-.0728646594268746,-.1880739,.042344585,110.375,114.875
173,45850,9,45841,.1779726469127069,-.047020484,.40296578,130.44444,132.44444,44225,8,44217,-.0729822270687756,-.19060841,.044643953,111,115.5
174,45814,9,45805,.1450256034994385,-.029472582,.31952378,130.88889,132.88889,44190,8,44182,-.0707016274706027,-.19004329,.048640028,111.625,116.125
175,45778,9,45769,.1310662770137705,-.03149027,.29362282,131.33333,133.33333,44155,8,44147,-.0749790415511156,-.19877805,.048819967,112.25,116.75
176,45742,9,45733,.1255764580353306,-.044894241,.29604715,131.77777,133.77777,44120,8,44112,-.0754737517727791,-.20083906,.04989155,112.875,117.375
177,45706,9,45697,.1215449596766684,-.056840919,.29993084,132.11111,134.11111,44085,8,44077,-.0758910699583864,-.20289472,.051112574,113.5,118
178,45670,9,45661,.1180317655375343,-.06874834,.30481187,132.44444,134.44444,44050,8,44042,-.0761801920529594,-.20486848,.052508105,114.125,118.625
179,45634,9,45625,.1148763428532242,-.075761914,.3055146,132.77777,134.77777,44015,8,44007,-.0766733889658083,-.20743757,.054090798,114.75,119.25
180,45598,9,45589,.1108036524134462,-.075854138,.29746145,133.11111,135.11111,43980,8,43972,-.0826700990325563,-.21624617,.050905973,115.375,119.875
181,45562,9,45553,.1032669102808053,-.071801692,.27833551,133.44444,135.44444,43945,8,43937,-.0897614508626271,-.22948793,.049965024,116,120.5
182,45526,9,45517,.09878616482625,-.054092798,.25166512,133.77777,135.77777,43910,8,43902,-.0903483133165924,-.23492451,.054227877,116.625,121.125
183,45490,9,45481,.108165157701387,-.039895035,.25622535,134.11111,136.11111,43875,8,43867,-.0910307046987146,-.23630725,.054245833,117.25,121.75
184,45454,9,45445,.1184403878034416,-.024549352,.26143011,134.44444,136.44444,43840,8,43832,-.0911271853425116,-.23591185,.05365748,117.875,122.375
185,45418,9,45409,.1153487867100263,-.039086591,.26978415,134.77777,136.77777,43805,8,43797,-.0912110617823311,-.23559402,.053171888,118.5,123
186,45382,9,45373,.1100033153936525,-.048035108,.26804173,135.11111,137.11111,43770,8,43762,-.0914624742781497,-.23315898,.050234031,119.125,123.625
187,45346,9,45337,.1090999779892651,-.043890718,.26209068,135.44444,137.44444,43735,8,43727,-.0900474348485937,-.23246169,.052366823,119.75,124.25
188,45310,9,45301,.1016156104886051,-.034314457,.23754568,135.77777,137.77777,43700,8,43692,-.0868526812280475,-.2306453,.056939937,120.375,124.875
189,45274,9,45265,.1042438431487957,-.026699418,.2351871,136.11111,138.11111,43665,8,43657,-.0893835804158701,-.23079185,.052024696,121,125.5
190,45238,9,45229,.1092800400932089,-.020913273,.23947336,136.44444,138.44444,43630,8,43622,-.0941863956501624,-.23375867,.04538589,121.625,126.125
191,45202,9,45193,.10547190698602,-.032240659,.24318448,136.77777,138.77777,43595,8,43587,-.091819206363636,-.22456729,.040928889,122.25,126.75
192,45166,9,45157,.0887634512724026,-.070376195,.24790309,137.11111,139.11111,43560,8,43552,-.0895415355368016,-.21589907,.03681599,122.875,127.375
193,45130,9,45121,.0908287414899368,-.07710734,.25876483,137.44444,139.44444,43525,8,43517,-.0881712385184872,-.21516612,.038823642,123.5,128
194,45094,9,45085,.0895740152219434,-.080599353,.25974739,137.77777,139.77777,43490,8,43482,-.0953127034241343,-.2334566,.04283119,124.125,128.625
195,45058,9,45049,.0925726242196287,-.083071493,.26821673,138.11111,140.11111,43455,8,43447,-.1148244056506166,-.22726272,-.0023860962,124.75,129.25
196,45022,9,45013,.085561433875163,-.076984935,.24810781,138.44444,140.44444,43420,8,43412,-.1238440712877367,-.23030971,-.017378431,125.375,129.875
197,44986,9,44977,.090342392980358,-.076131955,.25681674,138.77777,140.77777,43385,8,43377,-.1227599426798372,-.23189794,-.013621946,126,130.5
198,44950,9,44941,.0950354916427628,-.07614439,.26621538,139.11111,141.11111,43350,8,43342,-.1190031786426642,-.22895803,-.0090483371,126.625,131.125
199,44914,9,44905,.1042741661491001,-.06681174,.27536008,139.44444,141.44444,43315,8,43307,-.1152787518225015,-.22628644,-.0042710649,127.25,131.75
200,44878,9,44869,.1006630182956863,-.093210258,.29453629,139.88889,141.88889,43280,8,43272,-.1164475606754141,-.22701193,-.0058831889,127.875,132.375
201,44842,9,44833,.1050642045120502,-.097720899,.30784932,140.33333,142.33333,43245,8,43237,-.1160171307963876,-.22810662,-.0039276402,128.5,133
202,44806,9,44797,.1102525726401402,-.10002586,.32053101,140.77777,142.77777,43210,8,43202,-.100573299972893,-.20826302,.0071164244,129.125,133.625
203,44770,9,44761,.0972139739265041,-.12457259,.31900054,141.22223,143.22223,43175,8,43167,-.0981676663571048,-.20573346,.0093981316,129.75,134.25
204,44734,9,44725,.1001405814234124,-.12698099,.32726213,141.66667,143.66667,43140,8,43132,-.0957650702381103,-.20445448,.012924336,130.375,134.875
205,44698,9,44689,.1057488661920434,-.12471087,.33620861,142.11111,144.11111,43105,8,43097,-.0948059017199376,-.2047627,.015150889,131,135.5
206,44662,9,44653,.1023559769735728,-.14405419,.34876615,142.55556,144.55556,43070,8,43062,-.0938023761321664,-.20509581,.017491058,131.625,136.125
207,44626,9,44617,.107426236766064,-.12543909,.34029156,143,145,43035,8,43027,-.0974657358753455,-.20836173,.013430251,132.25,136.75
208,44590,9,44581,.1065007198014757,-.12496887,.33797032,143.44444,145.44444,43000,8,42992,-.1078310582083548,-.22440153,.0087394156,132.875,137.375
209,44554,9,44545,.1480387212405626,-.11499177,.41106921,143.88889,145.88889,42965,8,42957,-.0961626925707753,-.21791176,.025586376,133.5,138
210,44518,9,44509,.1615738152763652,-.097533904,.42068154,144.33333,146.33333,42930,8,42922,-.0819892283588266,-.21071737,.046738911,134.125,138.625
211,44482,9,44473,.1745205309550192,-.081696726,.43073779,144.77777,146.77777,42895,8,42887,-.0894827808368765,-.21694201,.037976444,134.75,139.25
212,44446,9,44437,.1878318796436474,-.065387875,.44105163,145.22223,147.22223,42860,8,42852,-.0950805482634502,-.21991694,.029755849,135.375,139.875
213,44410,9,44401,.2035077628667781,-.043249268,.45026478,145.66667,147.66667,42825,8,42817,-.1006421825457438,-.2229203,.021635929,136,140.5
214,44374,9,44365,.2015525950717731,-.03946168,.44256687,146.11111,148.11111,42790,8,42782,-.1030667027863691,-.22479351,.018660104,136.625,141.125
215,44338,9,44329,.2101908201401833,-.02886891,.44925055,146.55556,148.55556,42755,8,42747,-.1061325234303419,-.22141498,.0091499388,137.25,141.75
216,44302,9,44293,.2029934854083112,-.025742609,.43172958,147,149,42720,8,42712,-.1056743674697446,-.22545728,.014108543,137.875,142.375
217,44266,9,44257,.2128201233392483,-.020129444,.4457697,147.44444,149.44444,42685,8,42677,-.1091979994287728,-.22915147,.010755476,138.5,143
218,44230,9,44221,.2100651530109819,-.039357428,.45948774,147.88889,149.88889,42650,8,42642,-.1129483303223759,-.23226131,.0063646613,139.125,143.625
219,44194,9,44185,.2161919463251246,-.038442295,.47082618,148.33333,150.33333,42615,8,42607,-.1174274097065798,-.23643963,.0015848085,139.75,144.25
220,44158,9,44149,.2213701016673998,-.039711334,.48245153,148.77777,150.77777,42580,8,42572,-.1217964919102751,-.24064,-.0029529904,140.375,144.875
221,44122,9,44113,.2284181915869173,-.033383388,.49021977,149.22223,151.22223,42545,8,42537,-.125303502094892,-.24629448,-.0043125264,141,145.5
222,44086,9,44077,.2341325882302289,-.026748326,.49501351,149.66667,151.66667,42510,8,42502,-.1308288458923535,-.25422904,-.0074286475,141.625,146.125
223,44050,9,44041,.2420498912158122,-.016663875,.50076365,150,152.11111,42475,8,42467,-.1289757490522698,-.24644427,-.011507235,142.25,146.75
224,44014,9,44005,.2340108422096194,-.01885738,.48687905,150.33333,152.55556,42440,8,42432,-.1282685604488652,-.22962879,-.026908331,142.875,147.375
225,43978,9,43969,.237627307719784,-.013438867,.48869348,150.66667,153,42405,8,42397,-.1235043500129572,-.22733286,-.019675847,143.5,148
226,43942,9,43933,.2522083367536161,.015747447,.48866922,151,153.44444,42370,8,42362,-.1212046872547849,-.22694044,-.015468934,144.125,148.625
227,43906,9,43897,.2611936660649253,.031182636,.49120471,151.33333,153.88889,42335,8,42327,-.1188523692225329,-.22654542,-.01115932,144.75,149.25
228,43870,9,43861,.2580661492713988,.024324095,.49180821,151.66667,154.33333,42300,8,42292,-.1143039550141438,-.21797152,-.010636393,145.375,149.875
229,43834,9,43825,.2732592672386316,.042683236,.50383532,152,154.77777,42265,8,42257,-.1143522200846833,-.21227787,-.016426563,146,150.5
230,43798,9,43789,.2868077399920821,.058336891,.51527858,152.33333,155.22223,42230,8,42222,-.1123255642462136,-.22263341,-.0020177178,146.625,151.125
231,43762,9,43753,.2992317705207171,.087611988,.51085156,152.66667,155.66667,42195,8,42187,-.126129346352409,-.24348773,-.0087709548,147.25,151.75
232,43726,9,43717,.3035812231701898,.10681828,.50034416,153,156.11111,42160,8,42152,-.1227020618904409,-.23842348,-.0069806362,147.875,152.375
233,43690,9,43681,.3129450742952917,.13388737,.49200279,153.33333,156.55556,42125,8,42117,-.1236656766816279,-.23838371,-.0089476416,148.5,153
234,43654,9,43645,.3157151604135447,.14651373,.4849166,153.66667,157,42090,8,42082,-.1245912743428907,-.23861186,-.010570681,149.125,153.625
235,43618,9,43609,.3318307855642377,.16506551,.49859604,154,157.44444,42055,8,42047,-.1209256877764942,-.23779856,-.0040528248,149.75,154.25
236,43582,9,43573,.3455487025226808,.17716254,.51393485,154.33333,157.88889,42020,8,42012,-.1232930869184699,-.24286661,-.0037195696,150.375,154.875
237,43546,9,43537,.3584830676569107,.18709029,.52987587,154.66667,158.33333,41985,8,41977,-.1042098719754623,-.23416723,.025747487,151,155.5
238,43510,9,43501,.3642191362175234,.20159379,.5268445,155,158.77777,41950,8,41942,-.1051442816507502,-.23135133,.021062769,151.625,156.125
239,43474,9,43465,.3854355258528854,.23217006,.538701,155.33333,159.22223,41915,8,41907,-.1060474782453486,-.23289567,.020800712,152.25,156.75
240,43438,9,43429,.404306790961847,.25605658,.55255699,155.66667,159.66667,41880,8,41872,-.104761114669694,-.23034564,.0208234,152.875,157.375
241,43402,9,43393,.4032769246763439,.23705582,.569498,156,160.11111,41845,8,41837,-.1033306095641219,-.22775105,.021089826,153.5,158
242,43366,9,43357,.4035016105871025,.22805116,.57895207,156.33333,160.55556,41810,8,41802,-.1027545163196402,-.22532196,.019812927,154.125,158.625
243,43330,9,43321,.4021744714981652,.21934409,.58500487,156.66667,161,41775,8,41767,-.1107289050789129,-.23500367,.013545857,154.75,159.25
244,43294,9,43285,.3926588539156623,.20253403,.5827837,157,161.44444,41740,8,41732,-.1244069813540632,-.24969015,.00087617536,155.375,159.875
245,43258,9,43249,.3807786090561603,.18591464,.57564259,157.22223,161.88889,41705,8,41697,-.1224080756465801,-.24850729,.0036911457,156,160.5
246,43222,9,43213,.3764990078270347,.17732064,.57567739,157.44444,162.33333,41670,8,41662,-.1194011948141671,-.24204898,.0032465872,156.625,161.125
247,43186,9,43177,.3659910138643603,.15524991,.5767321,157.66667,162.77777,41635,8,41627,-.1174761018673816,-.23725341,.0023012029,157.25,161.75
248,43150,9,43141,.3739979923144968,.17247334,.57552266,157.88889,163.22223,41600,8,41592,-.1155471821049754,-.23264186,.0015474898,157.875,162.375
249,43114,9,43105,.3818011531897237,.180557,.5830453,158.11111,163.66667,41565,8,41557,-.1129330538923598,-.22662872,.00076261756,158.5,163
250,43078,9,43069,.3796605531598884,.17123979,.5880813,158.33333,164.11111,41530,8,41522,-.1151855334467867,-.22598912,-.0043819463,159.125,163.625
251,43042,9,43033,.3719047960758698,.17561601,.56819355,158.55556,164.55556,41495,8,41487,-.1108582118237304,-.22552717,.0038107501,159.75,164.25
252,43006,9,42997,.3632221132535521,.16994438,.55649984,158.77777,165,41460,8,41452,-.1106372436949126,-.20838992,-.012884567,160.375,164.875
253,42970,9,42961,.3714572882535713,.17504765,.56786692,159,165.44444,41425,8,41417,-.1119876777581567,-.20808618,-.015889173,161,165.5
254,42934,9,42925,.3842406472292999,.18875051,.57973081,159.22223,165.88889,41390,8,41382,-.112142053898703,-.20752724,-.016756875,161.625,166.125
255,42898,9,42889,.3678706440266089,.1371959,.59854537,159.44444,166.33333,41355,8,41347,-.112305360186173,-.20704083,-.017569894,162.25,166.75
256,42862,9,42853,.3804492588553731,.13084878,.63004971,159.66667,166.77777,41320,8,41312,-.1128130648210075,-.2079796,-.017646519,162.875,167.375
257,42826,9,42817,.3838535232726656,.12593648,.6417706,159.88889,167.22223,41285,8,41277,-.1172061255977377,-.21305066,-.021361584,163.5,168
258,42790,9,42781,.3681548503531655,.11755988,.6187498,160.11111,167.66667,41250,8,41242,-.1255015317357364,-.22510171,-.025901347,164.125,168.625
259,42754,9,42745,.3717988425447916,.12166478,.62193292,160.55556,168.22223,41215,8,41207,-.1341116229219106,-.22640307,-.041820168,164.75,169.25
260,42718,9,42709,.3712461020323922,.11529702,.62719518,161,168.77777,41180,8,41172,-.1235190313057547,-.21758787,-.029450197,165.375,169.875
261,42682,9,42673,.3701673600773387,.10789311,.63244158,161.44444,169.33333,41145,8,41137,-.1230513414149294,-.21691763,-.029185047,166,170.5
262,42646,9,42637,.3581587867740917,.074400723,.64191687,161.88889,169.88889,41110,8,41102,-.1225300409056069,-.21635909,-.028700994,166.625,171.125
263,42610,9,42601,.3503217629436852,.05130307,.64934045,162.44444,170.44444,41075,8,41067,-.1202012311466376,-.21428294,-.026119521,167.25,171.75
264,42574,9,42565,.3484171275153665,.042279802,.65455443,163,171,41040,8,41032,-.1251469284552,-.2184456,-.031848263,167.875,172.375
265,42538,9,42529,.345721497154666,.030937109,.66050589,163.55556,171.55556,41005,8,40997,-.1353676982563158,-.23047042,-.040264972,168.5,173
266,42502,9,42493,.3454892266802323,.025269624,.66570884,164.11111,172.11111,40970,8,40962,-.1323879187372941,-.23012696,-.034648873,169.125,173.625
267,42466,9,42457,.3463055553675163,.022943554,.66966754,164.66667,172.66667,40935,8,40927,-.117111139962408,-.20163199,-.032590292,169.75,174.25
268,42430,9,42421,.3454401121998666,.015187512,.67569274,165.22223,173.22223,40900,8,40892,-.1207153096348679,-.20624219,-.035188425,170.375,174.875
269,42394,9,42385,.3446861183955506,.008348437,.68102378,165.77777,173.77777,40865,8,40857,-.1242566359908776,-.21128905,-.037224229,171,175.5
270,42358,9,42349,.3417434026563625,.0050214827,.67846531,166.33333,174.33333,40830,8,40822,-.1234540799830616,-.20953289,-.037375275,171.625,176.125
271,42322,9,42313,.3443518258217741,.0043837009,.68431997,166.88889,174.88889,40795,8,40787,-.1212518508847447,-.21551397,-.026989723,172.125,176.625
272,42286,9,42277,.3163607829720663,-.013536275,.64625782,167.44444,175.44444,40760,8,40752,-.1208950177056126,-.22826767,-.01352237,172.625,177.125
273,42250,9,42241,.3130384601913418,-.015462526,.64153945,168,176,40725,8,40717,-.1160481743501254,-.22891089,-.0031854522,173.125,177.625
